"","w_11_demanda_F","w_12_presion_F","w_21_necesidad_F","w_22_presion_F","w_31_demanda_S","w_32_presion_S","w_41_necesidad_S","w_42_presion_S"
"1",0.18,0.36,0.22,0.41,0.07,0.7,0.2,0.32
"2",0.18,0.75,0.16,0.01,0.1,0.76,0.56,0.12
"3",0.52,0.32,0.48,0.14,0.51,0.34,0.02,0.22
"4",0.59,0.21,0.03,0.89,0.45,0.14,0.2,0.57
"5",0.15,0.27,0.47,0.14,0.51,0.17,0.64,0.17
"6",0.24,0.53,0.72,0,0.2,0.18,0.04,0.15
"7",0.1,0.01,0.15,0.78,0.04,0.12,0.06,0.44
"8",0,0.92,0.69,0.2,0.17,0.68,0.15,0.56
"9",0.22,0.7,0.12,0.35,0.35,0.37,0.02,0.49
"10",0.12,0.37,0.26,0.51,0.76,0.21,0.79,0.08
"11",0.12,0.81,0.43,0.35,0.58,0.15,0.16,0.78
"12",0.32,0.17,0.73,0.17,0.72,0.25,0.36,0.42
"13",0.41,0.54,0.63,0.19,0.33,0.47,0.32,0.01
"14",0.45,0.35,0.59,0.07,0.4,0.55,0.03,0.86
"15",0.2,0.42,0.32,0.43,0.02,0.2,0.12,0.49
"16",0.11,0.03,0.3,0.3,0.33,0.56,0.04,0.21
"17",0.07,0.8,0.63,0.2,0.95,0.04,0.07,0.65
"18",0.83,0.09,0.04,0.9,0.46,0.17,0.02,0.43
"19",0.67,0.08,0.26,0.09,0.1,0.72,0.23,0.74
"20",0.27,0.06,0.71,0.14,0.18,0.69,0.55,0.19
"21",0.14,0.49,0.27,0.26,0.62,0.32,0.47,0.09
"22",0.12,0.75,0.41,0.47,0.06,0.37,0.48,0.02
"23",0.49,0.21,0.78,0.05,0.21,0.43,0.03,0.25
"24",0.58,0.27,0.43,0.09,0.32,0.51,0.37,0.23
"25",0.66,0.28,0.1,0.08,0.18,0.65,0.71,0.18
"26",0.3,0.61,0.44,0.14,0.07,0.59,0.03,0.83
"27",0.05,0.46,0.32,0.36,0.2,0.14,0.62,0.16
"28",0.04,0.02,0.22,0.58,0.22,0.5,0.35,0.28
"29",0.38,0.41,0.28,0.37,0.22,0.41,0.71,0.19
"30",0.43,0.55,0.76,0.14,0.21,0.43,0.09,0.24
"31",0.47,0.07,0.52,0.06,0.16,0.63,0.07,0.09
"32",0.31,0.67,0.17,0.17,0,0.52,0.23,0.31
"33",0.19,0.52,0.2,0.13,0.4,0.56,0.09,0.26
"34",0.78,0.11,0.1,0.35,0.72,0.21,0.27,0.5
"35",0.42,0.25,0.65,0.12,0.38,0.61,0.2,0.22
"36",0.43,0.26,0,0.09,0.28,0.45,0.64,0.17
"37",0.31,0.02,0.07,0.08,0.05,0.19,0.54,0.14
"38",0.1,0.8,0.24,0.63,0.56,0.1,0.04,0.75
"39",0.62,0.21,0.03,0.94,0.24,0.48,0.81,0.06
"40",0.76,0.04,0.07,0.48,0.75,0.19,0.83,0.03
"41",0.56,0.3,0.11,0.46,0.2,0.14,0.17,0.47
"42",0.37,0.32,0.15,0.84,0.16,0.25,0.28,0.52
"43",0.03,0.35,0.01,0.6,0.85,0.08,0.3,0.16
"44",0.21,0.7,0.22,0.39,0.34,0.13,0.18,0.25
"45",0.38,0.42,0.5,0.45,0.47,0.33,0.62,0.23
"46",0.42,0.35,0.55,0.15,0.64,0.03,0.03,0.91
"47",0.11,0.05,0.25,0.57,0.47,0.25,0.58,0.28
"48",0.04,0.43,0.36,0.55,0.13,0.79,0.41,0.37
"49",0.67,0.13,0.32,0.64,0.01,0.04,0.01,0.98
"50",0.43,0.49,0.11,0.82,0.54,0.39,0.01,0.75
"51",0.31,0.37,0.49,0.36,0.65,0.27,0.61,0.02
"52",0.49,0.46,0.29,0.54,0.79,0.1,0.27,0.12
"53",0.2,0.2,0.31,0.53,0.15,0.83,0.21,0.75
"54",0.01,0.78,0.15,0.83,0.01,0.63,0.2,0.01
"55",0.02,0.16,0.03,0.33,0.13,0.32,0.04,0.59
"56",0.52,0.07,0.02,0.74,0.03,0.3,0.08,0.33
"57",0.15,0.63,0.28,0.35,0.86,0.12,0.07,0.53
"58",0.03,0.19,0.4,0.09,0.34,0.35,0.65,0.24
"59",0.21,0.78,0.25,0.24,0.23,0.45,0.45,0.16
"60",0.57,0.1,0.39,0.22,0.48,0.37,0.68,0.18
"61",0.2,0.75,0.27,0.28,0.41,0.19,0.74,0.11
"62",0.1,0.5,0.55,0.09,0.12,0.08,0.34,0.64
"63",0.37,0.47,0.19,0.35,0.01,0.4,0.26,0.32
"64",0.04,0.46,0.07,0.55,0.69,0.08,0.06,0.69
"65",0.66,0.09,0.01,0.02,0.4,0.43,0.17,0.31
"66",0.05,0.16,0.11,0.63,0.16,0.17,0.53,0.46
"67",0.97,0.02,0.65,0.25,0.63,0.08,0.1,0.59
"68",0.32,0.46,0.13,0.61,0.43,0.24,0.45,0.47
"69",0,0.83,0.58,0.19,0.47,0.13,0.75,0.23
"70",0.33,0.27,0.73,0.09,0.14,0,0.22,0.21
"71",0.07,0.91,0.34,0.01,0.33,0.64,0.37,0.48
"72",0.38,0.49,0.38,0.46,0.7,0.16,0.36,0.58
"73",0.34,0.24,0.32,0.28,0.15,0.59,0.82,0.03
"74",0.01,0.03,0.19,0.32,0.02,0.33,0.12,0.39
"75",0.08,0.67,0.29,0.56,0.51,0.08,0.3,0.06
"76",0.75,0.23,0.83,0.11,0.64,0.34,0.64,0.29
"77",0.06,0.57,0.33,0.05,0.24,0.31,0.1,0.85
"78",0.23,0.21,0.13,0.36,0.53,0.42,0.39,0.37
"79",0.33,0.61,0.28,0.54,0.52,0.41,0.34,0.28
"80",0.72,0.16,0.33,0.21,0.52,0.13,0.78,0.18
"81",0.03,0.42,0.34,0.49,0.44,0.5,0.05,0.01
"82",0.19,0.66,0.85,0.05,0.76,0.04,0.7,0.11
"83",0.22,0.46,0.78,0.03,0.22,0.32,0.58,0.03
"84",0.01,0.8,0.81,0.15,0.19,0.49,0.38,0.43
"85",0.66,0.01,0.13,0.7,0.7,0.05,0.67,0.03
"86",0.03,0.02,0.53,0.06,0.62,0.01,0.25,0.37
"87",0.71,0.18,0.29,0.11,0.38,0.42,0.44,0.32
"88",0.61,0.37,0.27,0.67,0.15,0.48,0.72,0.07
"89",0.01,0.39,0.3,0.51,0.03,0.41,0.31,0.4
"90",0.11,0.56,0.84,0.08,0.45,0.43,0.45,0.26
"91",0.49,0.16,0.23,0.12,0,0.25,0.41,0.05
"92",0.29,0.15,0.08,0.91,0.76,0.22,0.32,0.36
"93",0.45,0.43,0.14,0.73,0.26,0.42,0.14,0.61
"94",0.18,0.71,0.29,0.54,0.71,0.02,0.18,0.54
"95",0.24,0.54,0.07,0.59,0.13,0.31,0.53,0.35
"96",0.05,0.88,0.34,0.61,0.12,0.38,0.6,0.1
"97",0.16,0.6,0.43,0.36,0.55,0.18,0.1,0.12
"98",0.65,0.18,0.46,0.16,0.13,0.45,0,0.94
"99",0.82,0.08,0.08,0.72,0.22,0.7,0.43,0.45
"100",0.52,0.28,0.13,0.4,0.03,0.64,0.36,0.6
"101",0.68,0.3,0.74,0.04,0.87,0.05,0.87,0.01
"102",0.52,0.28,0.34,0.3,0.57,0.23,0.37,0.12
"103",0.52,0.43,0.25,0.08,0.25,0.21,0.33,0.22
"104",0.49,0.23,0.59,0.4,0.39,0.08,0.37,0.23
"105",0.16,0.23,0.07,0.62,0.15,0.48,0.27,0.49
"106",0.35,0.44,0.4,0.52,0.67,0.11,0,0.33
"107",0.85,0.03,0.27,0.19,0.32,0.48,0.13,0.47
"108",0.17,0.45,0.49,0.17,0.16,0.35,0.16,0.75
"109",0.38,0.01,0.11,0.15,0.16,0.59,0.9,0.03
"110",0.67,0.18,0.35,0.61,0.08,0.17,0.42,0.07
"111",0.37,0.43,0.11,0.05,0.61,0.3,0.28,0.65
"112",0.25,0.18,0.62,0.3,0.29,0.23,0.08,0.17
"113",0.37,0.24,0.01,0.08,0.27,0.11,0.13,0.62
"114",0.72,0.13,0.07,0.13,0.37,0.48,0.09,0.33
"115",0.32,0.05,0.39,0.32,0.61,0.07,0.21,0.27
"116",0.6,0.16,0.01,0.75,0.83,0.08,0.24,0.59
"117",0.08,0.31,0.09,0.14,0.23,0.63,0.03,0.87
"118",0.12,0.78,0.6,0.02,0.32,0.16,0.45,0.33
"119",0.2,0.03,0.17,0.39,0.4,0.41,0.39,0.52
"120",0.13,0.76,0.16,0.69,0.12,0.05,0.03,0.71
"121",0.66,0.31,0.16,0.68,0.43,0.34,0.43,0.16
"122",0.45,0.22,0.52,0.07,0.42,0.54,0.32,0.48
"123",0.81,0.04,0.92,0.07,0.13,0.27,0.45,0.49
"124",0.07,0.76,0.11,0.51,0.2,0.67,0.28,0.63
"125",0.9,0.04,0.26,0.44,0.64,0.32,0.4,0.41
"126",0.33,0.62,0.24,0.58,0.21,0.14,0.42,0.04
"127",0.08,0.58,0.55,0.14,0.65,0.16,0.57,0.09
"128",0.54,0.12,0.21,0.31,0.15,0.46,0.2,0.22
"129",0.01,0.79,0.33,0.32,0.04,0.39,0.81,0.02
"130",0.25,0.22,0.46,0.47,0.23,0.71,0.03,0.82
"131",0.44,0.49,0.3,0.48,0.06,0.44,0.2,0.36
"132",0.16,0.24,0.43,0.46,0.28,0.65,0.18,0.63
"133",0.25,0.14,0.31,0.1,0.63,0.34,0.82,0.04
"134",0.11,0.31,0.02,0.92,0.03,0.3,0.61,0.24
"135",0.35,0.23,0.9,0.03,0.05,0.41,0.45,0.3
"136",0.1,0.89,0.26,0.54,0.31,0.44,0.8,0.04
"137",0.1,0.41,0.49,0.04,0.15,0.49,0.14,0.15
"138",0.88,0.01,0.36,0.47,0.41,0.4,0.67,0.32
"139",0.24,0.66,0.03,0.02,0.13,0.28,0.52,0.04
"140",0.07,0.24,0.15,0.52,0.12,0.49,0.04,0.78
"141",0.38,0.34,0.61,0.24,0.24,0.33,0.08,0.73
"142",0.09,0.74,0.04,0.14,0.05,0.36,0.36,0.32
"143",0.09,0.33,0,0.78,0.55,0.24,0.27,0.04
"144",0.07,0.57,0.4,0.28,0.46,0.43,0.64,0.15
"145",0.59,0.36,0.42,0.34,0.02,0.12,0.02,0.34
"146",0.56,0.38,0,0.79,0.45,0.23,0.25,0.52
"147",0.37,0.58,0.41,0.18,0.15,0.29,0.44,0.41
"148",0.55,0.38,0.79,0.06,0.13,0.66,0.69,0.03
"149",0.39,0.46,0.64,0.06,0.03,0.29,0.18,0.23
"150",0.41,0.55,0.28,0.44,0.52,0.4,0.2,0.39
"151",0.52,0.35,0.28,0.36,0.25,0.69,0.16,0.73
"152",0.23,0.69,0.4,0.11,0.03,0.71,0.41,0.41
"153",0.43,0.37,0.1,0.03,0.8,0.15,0.37,0.04
"154",0.38,0.56,0.24,0.15,0,0.64,0.23,0.24
"155",0.15,0.41,0.49,0.41,0.14,0.25,0.12,0.28
"156",0.51,0.27,0.5,0.46,0.62,0.07,0.64,0.14
"157",0.72,0.25,0.19,0.25,0.29,0.27,0.3,0.52
"158",0.33,0.09,0.06,0.13,0.78,0.19,0.12,0.5
"159",0.38,0.13,0.09,0.77,0.54,0.18,0.3,0.65
"160",0.53,0.03,0.82,0.17,0.56,0.12,0.08,0.74
"161",0.43,0.02,0.63,0.06,0.15,0.5,0.4,0.24
"162",0.18,0.19,0.25,0.24,0.15,0.04,0.55,0.05
"163",0.09,0.77,0.93,0.04,0.11,0.36,0.21,0.5
"164",0.61,0.16,0.23,0.74,0.02,0.83,0.35,0.09
"165",0.68,0.04,0.03,0.41,0.46,0.27,0.37,0.46
"166",0.29,0.67,0.7,0.2,0.46,0.31,0.85,0.02
"167",0.81,0.08,0.66,0.3,0,0.89,0.59,0.06
"168",0.1,0.79,0.74,0.2,0.34,0.27,0.07,0.83
"169",0.45,0.49,0.1,0.84,0.19,0.67,0.47,0.08
"170",0.52,0.3,0.33,0.27,0.28,0.12,0.15,0.59
"171",0.51,0.01,0.1,0.07,0.47,0.13,0.36,0.47
"172",0.56,0.37,0.37,0.61,0.78,0.21,0.17,0.45
"173",0.31,0.47,0.7,0.25,0.21,0.37,0.01,0.55
"174",0.31,0.21,0.32,0.45,0.72,0.02,0.57,0.36
"175",0.52,0.06,0.24,0.34,0.45,0.35,0.01,0.42
"176",0.11,0.87,0.18,0.4,0.39,0.46,0.69,0.3
"177",0.08,0.15,0.21,0.19,0.27,0.14,0.44,0.24
"178",0.44,0.45,0.31,0.1,0.12,0.13,0.4,0.09
"179",0.06,0.77,0.18,0.55,0.54,0.1,0.11,0.88
"180",0.51,0.09,0.74,0.24,0.44,0.28,0.59,0.04
"181",0.3,0.66,0,0.46,0.43,0.46,0.22,0.55
"182",0.8,0.07,0.3,0.62,0.07,0.57,0.41,0.45
"183",0.54,0.14,0.17,0.21,0.14,0.4,0.43,0.56
"184",0.37,0.11,0.19,0.24,0.61,0.24,0.78,0.14
"185",0.72,0.06,0.15,0.02,0.01,0.27,0.5,0.27
"186",0.24,0.27,0.5,0.07,0.12,0.45,0.27,0.48
"187",0.73,0.05,0.22,0.11,0.46,0.38,0.36,0.3
"188",0.04,0.55,0.48,0.45,0.23,0.09,0.61,0.33
"189",0.49,0.35,0.14,0.29,0.01,0.53,0.03,0.57
"190",0.6,0.38,0.03,0.69,0.09,0.77,0.41,0.31
"191",0.19,0.16,0.29,0.24,0.2,0.79,0.75,0.15
"192",0.41,0.04,0.31,0.44,0.01,0.41,0.14,0.09
"193",0.81,0.09,0.8,0.16,0.82,0.07,0.64,0.12
"194",0.4,0.55,0.42,0.13,0.07,0.77,0.1,0.05
"195",0.18,0.67,0.31,0.59,0.75,0.21,0.43,0.15
"196",0.75,0.03,0.62,0.19,0.83,0.1,0.61,0.04
"197",0.12,0.08,0.06,0.67,0.34,0.35,0.7,0.17
"198",0.03,0.39,0.31,0.68,0.45,0.04,0.09,0.74
"199",0.29,0.42,0.14,0.28,0.1,0.15,0.32,0.49
"200",0.47,0.42,0.34,0.06,0.13,0.18,0.22,0.41
"201",0.37,0.25,0.5,0.07,0.17,0.66,0.57,0.1
"202",0.02,0.77,0.55,0.03,0.25,0.69,0.06,0.69
"203",0.62,0.01,0.29,0.43,0.83,0.05,0.03,0.55
"204",0.39,0.51,0.54,0.18,0.35,0.17,0.07,0.69
"205",0.34,0.53,0.75,0.14,0.59,0.26,0.15,0.32
"206",0.03,0.62,0.41,0.39,0.31,0.46,0.58,0.32
"207",0.06,0.44,0.16,0.72,0.37,0.32,0.71,0.02
"208",0.52,0.27,0.41,0.48,0.24,0.66,0.38,0.56
"209",0.13,0.51,0.17,0.11,0.74,0.24,0.08,0.84
"210",0,0.49,0.18,0.81,0.03,0.46,0.21,0.45
"211",0.57,0.2,0.26,0.49,0.14,0.54,0.43,0.15
"212",0.16,0.5,0.41,0.35,0.21,0.64,0.51,0.01
"213",0.41,0.49,0.83,0.13,0.33,0.15,0.77,0.1
"214",0.32,0.04,0.13,0.31,0.54,0.02,0,0.6
"215",0.49,0.28,0.3,0.16,0,0.21,0.15,0.4
"216",0.3,0.19,0.03,0.49,0.32,0.15,0.02,0.97
"217",0.27,0.45,0.51,0.01,0,0.53,0.15,0.26
"218",0.02,0.6,0.7,0.19,0.32,0.35,0.35,0.5
"219",0.74,0.12,0.62,0.01,0.18,0.61,0.33,0.48
"220",0.02,0.91,0.14,0.18,0.24,0.73,0.28,0.48
"221",0.3,0.19,0.3,0.06,0.09,0.62,0.02,0.14
"222",0.24,0.36,0.43,0.05,0.45,0.35,0.24,0.19
"223",0.28,0.12,0.73,0.08,0.1,0.12,0.56,0.34
"224",0.46,0.11,0.33,0.17,0.58,0.32,0.08,0.32
"225",0.09,0.02,0.65,0.31,0.41,0.31,0.24,0.69
"226",0.44,0.36,0.52,0.32,0.17,0.8,0.27,0.72
"227",0.64,0.27,0.25,0.47,0.13,0.43,0.34,0.3
"228",0.45,0.41,0.03,0.74,0.09,0.2,0.38,0.19
"229",0.1,0.46,0.38,0.14,0.38,0.3,0.44,0.28
"230",0.26,0.45,0.76,0.03,0.22,0.66,0.54,0.41
"231",0.73,0.18,0.04,0.07,0.7,0.13,0.19,0.63
"232",0.27,0.61,0.17,0,0.55,0.2,0.31,0.39
"233",0.81,0.1,0.74,0.11,0.52,0.24,0.26,0.18
"234",0.03,0.65,0.67,0.32,0.07,0.87,0.19,0.76
"235",0.1,0.04,0.14,0.75,0.09,0.18,0.17,0.78
"236",0.57,0.27,0.25,0.33,0.26,0.53,0.05,0.82
"237",0.27,0.45,0.17,0.29,0.4,0.44,0.24,0.52
"238",0.13,0.48,0.41,0.42,0.8,0.08,0.06,0.52
"239",0.27,0.5,0.02,0.14,0.28,0.54,0.68,0.09
"240",0.35,0.27,0.07,0.32,0.63,0.18,0.24,0.24
"241",0.14,0.6,0.49,0.38,0.63,0.22,0.61,0.24
"242",0.67,0.22,0.18,0.24,0.8,0.11,0.29,0.69
"243",0.04,0.15,0.19,0.47,0.4,0.04,0.69,0.13
"244",0.75,0,0.18,0.68,0.16,0.1,0.48,0.2
"245",0.03,0.01,0.17,0.27,0.39,0.33,0.18,0.14
"246",0,0.44,0.15,0.65,0.89,0.07,0.32,0.29
"247",0.43,0.19,0.31,0.07,0.3,0.66,0.13,0.09
"248",0.64,0.26,0.56,0.21,0.24,0.12,0.24,0.65
"249",0.41,0.18,0.07,0.73,0.39,0.28,0.38,0.29
"250",0.34,0.22,0.04,0.75,0.44,0.43,0.15,0.58
"251",0.2,0.54,0.23,0.22,0.14,0.27,0.19,0.02
"252",0.18,0.47,0.46,0.26,0.04,0.48,0.38,0.24
"253",0.39,0.33,0.71,0.11,0.44,0.41,0.25,0.05
"254",0.13,0.84,0.21,0.01,0.26,0.63,0.17,0.55
"255",0.01,0.51,0.15,0.54,0.03,0.34,0.33,0.08
"256",0.22,0.19,0.05,0.59,0.05,0.9,0.35,0.11
"257",0.09,0.26,0.11,0.87,0.87,0.12,0.15,0.05
"258",0.54,0.1,0.39,0.27,0.03,0.32,0.51,0.33
"259",0.24,0.22,0.14,0.78,0.13,0.53,0.5,0.19
"260",0.45,0.49,0.24,0.08,0.03,0.52,0.18,0.23
"261",0.87,0.07,0.29,0.67,0.33,0.26,0.21,0.69
"262",0.54,0.17,0.06,0.9,0.27,0.02,0.53,0.45
"263",0.68,0.2,0.66,0.27,0.1,0.29,0.58,0.28
"264",0.58,0.2,0.66,0.24,0.5,0.04,0.05,0.72
"265",0.05,0.83,0.87,0.12,0.86,0.11,0.53,0.02
"266",0.66,0.2,0.09,0.68,0.35,0.12,0.18,0.74
"267",0.11,0.54,0.05,0.47,0.27,0.06,0.06,0.78
"268",0.7,0.25,0.39,0.57,0.21,0.21,0.42,0.52
"269",0.17,0.8,0.51,0.02,0.63,0.03,0.74,0.03
"270",0.65,0.19,0.72,0.17,0.52,0.1,0.23,0.03
"271",0.15,0.32,0.41,0.48,0.61,0.11,0.22,0.52
"272",0.21,0.29,0.22,0.72,0.29,0.65,0.12,0.38
"273",0.2,0.14,0.07,0.18,0.54,0.34,0.08,0.04
"274",0.52,0.45,0.13,0.86,0.21,0.57,0.16,0.38
"275",0.25,0.29,0.12,0.15,0.07,0.49,0.63,0.11
"276",0.15,0.49,0.32,0.09,0.45,0.31,0.2,0.35
"277",0.04,0.22,0.34,0.3,0.22,0.23,0.97,0
"278",0.23,0.04,0.52,0.47,0.23,0.46,0.34,0.21
"279",0.29,0.5,0.46,0.27,0.25,0.52,0.55,0.32
"280",0.03,0.52,0.63,0,0.04,0.45,0.06,0.49
"281",0.34,0.22,0.07,0.78,0.29,0.29,0.05,0.15
"282",0.49,0.15,0.14,0.16,0.39,0.34,0.21,0.44
"283",0.23,0.67,0.14,0.74,0.84,0.11,0.31,0.44
"284",0.03,0.34,0.28,0.29,0.11,0.14,0.01,0.28
"285",0.8,0.12,0.7,0.14,0.28,0.19,0.06,0.89
"286",0.33,0.28,0.02,0.21,0.03,0.38,0.05,0.08
"287",0.85,0.07,0.31,0.34,0.35,0.04,0,0.2
"288",0.61,0.35,0.49,0.31,0.29,0.12,0.57,0.25
"289",0.62,0.37,0.3,0.01,0.33,0.54,0.44,0.2
"290",0.34,0.31,0.12,0.02,0.23,0.64,0.06,0.45
"291",0.04,0.76,0.2,0.11,0.22,0.57,0.29,0.3
"292",0.19,0.56,0.2,0.58,0.24,0.57,0.07,0.69
"293",0.15,0.25,0.39,0.38,0.48,0.47,0.48,0.23
"294",0.06,0.86,0,0.18,0.75,0.18,0.27,0.33
"295",0.05,0.51,0.09,0.74,0.15,0.42,0.14,0.4
"296",0.04,0.21,0.43,0.31,0.66,0.06,0.37,0.52
"297",0.79,0.15,0.45,0.35,0.54,0.3,0.2,0.75
"298",0.47,0.37,0.3,0.14,0.21,0.38,0.13,0.75
"299",0.19,0.04,0.04,0.57,0.36,0.42,0.09,0.86
"300",0.35,0.09,0.62,0.28,0.25,0.03,0.84,0.15
"301",0.52,0.3,0.36,0.6,0.19,0.54,0.1,0.82
"302",0.59,0.26,0.15,0.09,0.39,0.53,0.21,0.35
"303",0.24,0.68,0.01,0.82,0.26,0.69,0.08,0.08
"304",0.91,0.04,0.16,0.57,0.59,0.02,0.17,0.49
"305",0.29,0.43,0.26,0.08,0.17,0.48,0.15,0.07
"306",0.35,0.45,0.45,0.01,0.15,0.22,0.35,0.63
"307",0.58,0.14,0.5,0.42,0.59,0.18,0.1,0.74
"308",0.05,0.21,0.06,0.62,0.07,0.25,0.77,0.09
"309",0.29,0.23,0.05,0.1,0.24,0.53,0.23,0.62
"310",0.12,0.81,0.33,0.43,0.08,0.72,0.4,0.14
"311",0.04,0.53,0.21,0.43,0.93,0.01,0.08,0.37
"312",0.49,0.03,0.8,0.05,0.39,0.08,0.27,0.19
"313",0.41,0.4,0.1,0.88,0,0.88,0.18,0.65
"314",0.57,0.38,0.01,0.41,0.42,0.2,0.01,0.74
"315",0.48,0.39,0.55,0.11,0.32,0.53,0.3,0.6
"316",0.28,0.03,0.04,0.66,0.1,0.33,0.25,0.56
"317",0.26,0.48,0.42,0.28,0.38,0.43,0.16,0.67
"318",0.37,0.17,0.28,0.52,0.3,0,0,0.21
"319",0.25,0.69,0.25,0.39,0.25,0.72,0.31,0.15
"320",0.28,0.52,0.33,0.32,0.38,0.37,0.12,0.42
"321",0.86,0.06,0.75,0.22,0.46,0.25,0.09,0.53
"322",0.61,0.17,0.23,0.54,0.09,0.44,0.14,0.53
"323",0.11,0.5,0.72,0.14,0.87,0.09,0.5,0.36
"324",0.19,0.72,0.33,0.6,0.57,0.13,0.28,0.66
"325",0.49,0.16,0.18,0.08,0.1,0.78,0.83,0.11
"326",0.39,0.51,0.16,0.03,0.55,0.26,0.05,0.63
"327",0.18,0.38,0.54,0.29,0.45,0.23,0.05,0.68
"328",0.09,0.47,0.35,0.2,0.26,0.56,0.69,0.02
"329",0.15,0.56,0.12,0.24,0.81,0.14,0.11,0.61
"330",0.18,0.41,0.15,0.79,0.11,0.41,0.71,0.05
"331",0.03,0.65,0.34,0.3,0.3,0.25,0.65,0.06
"332",0.19,0.04,0.24,0.52,0.55,0.15,0.81,0.14
"333",0.05,0.53,0.36,0.6,0.26,0.02,0.37,0.21
"334",0.07,0.35,0.38,0.56,0.15,0.31,0.41,0.21
"335",0.14,0.28,0.05,0.24,0.47,0.37,0.57,0.11
"336",0.39,0.42,0.59,0.31,0.12,0.64,0.4,0.04
"337",0.35,0.54,0.08,0.49,0.32,0.01,0.24,0.58
"338",0.67,0.03,0.23,0.71,0.55,0.4,0.15,0.25
"339",0.33,0.43,0.35,0.15,0.33,0.1,0.24,0.24
"340",0.05,0.86,0.29,0.16,0.31,0.43,0.46,0.48
"341",0.27,0.72,0.46,0.25,0.56,0.43,0.23,0.71
"342",0.38,0.38,0.68,0.27,0.04,0.33,0.16,0.76
"343",0.18,0.34,0.76,0,0.65,0.25,0.25,0.14
"344",0.01,0.82,0.08,0.36,0.24,0.07,0.42,0.5
"345",0.77,0.1,0.07,0.01,0.27,0.03,0.88,0.11
"346",0.1,0.23,0.16,0.82,0.41,0.18,0.03,0.13
"347",0.6,0.05,0.8,0.19,0.6,0.25,0.17,0.39
"348",0.12,0.41,0.07,0.61,0.54,0.27,0.46,0.52
"349",0.1,0.73,0.76,0.12,0.05,0.53,0.08,0.39
"350",0.8,0.06,0.09,0.21,0.56,0.32,0.21,0.69
"351",0.12,0.77,0.2,0.03,0.46,0.36,0.12,0.57
"352",0.16,0.21,0.26,0.53,0.03,0.02,0.56,0.24
"353",0.63,0.28,0.51,0.26,0.49,0.48,0.33,0.51
"354",0.4,0.38,0.03,0.21,0.13,0.85,0.36,0.54
"355",0.08,0.02,0.22,0.33,0.24,0.74,0.18,0.64
"356",0.33,0.27,0.37,0.58,0.63,0.18,0.43,0.54
"357",0.19,0.8,0.19,0.24,0.27,0.56,0.07,0.78
"358",0.58,0.38,0.73,0.13,0.43,0.34,0.92,0.02
"359",0.27,0.69,0.25,0.48,0.19,0.7,0.47,0.4
"360",0.66,0.26,0.27,0.3,0.17,0.4,0.72,0.03
"361",0.02,0.4,0.5,0.39,0.1,0.36,0.03,0.49
"362",0.87,0.06,0.58,0.09,0.44,0.08,0.39,0.44
"363",0.16,0.76,0.56,0.04,0.65,0.12,0.19,0.42
"364",0.55,0.41,0.15,0.64,0.64,0.3,0.11,0.1
"365",0.24,0.08,0.08,0.47,0.03,0.9,0.42,0.26
"366",0.62,0.25,0.07,0.79,0.45,0.35,0.78,0.2
"367",0.05,0.46,0.69,0.18,0.51,0.44,0.11,0.58
"368",0.64,0.29,0.01,0.63,0.68,0.17,0.02,0.56
"369",0.12,0.11,0.09,0.41,0.53,0.11,0.1,0.62
"370",0.31,0.3,0.41,0.42,0.84,0.01,0.45,0.53
"371",0.12,0.79,0.1,0.63,0.82,0.1,0.54,0.18
"372",0.14,0.4,0.37,0.49,0.22,0.11,0.55,0.07
"373",0.03,0.29,0.33,0.17,0.52,0.14,0.16,0.04
"374",0.65,0.17,0.04,0.31,0.36,0.51,0.22,0.61
"375",0.63,0.01,0.68,0.22,0.54,0.44,0.22,0.72
"376",0.07,0.82,0.66,0.09,0.72,0.25,0.67,0.25
"377",0.06,0.59,0.02,0.22,0.34,0.5,0.04,0.39
"378",0.15,0.29,0.45,0.23,0.79,0.19,0.17,0.01
"379",0.46,0.36,0.3,0.26,0.17,0.28,0.16,0.35
"380",0.29,0.37,0.44,0.4,0.2,0.52,0.68,0.16
"381",0.32,0.06,0.09,0.34,0.5,0.22,0.39,0.23
"382",0.17,0.72,0.17,0.27,0.4,0.53,0.23,0.23
"383",0.41,0.34,0.15,0.81,0.54,0.25,0.72,0.11
"384",0.6,0.31,0.18,0.65,0.42,0.23,0.25,0.41
"385",0.53,0.41,0.09,0.11,0.08,0.75,0.47,0.42
"386",0.11,0.64,0.38,0.27,0.05,0.8,0.47,0.39
"387",0.4,0.19,0.43,0.03,0.88,0.1,0.03,0.72
"388",0.66,0.01,0.6,0.09,0.01,0.27,0.84,0.02
"389",0.17,0.66,0.6,0.04,0.69,0.04,0.29,0.38
"390",0.26,0.55,0.23,0.64,0.43,0.09,0.23,0.5
"391",0.55,0.21,0.37,0.47,0.04,0.67,0.49,0.41
"392",0.3,0.35,0.63,0.36,0.47,0.22,0.42,0.28
"393",0.19,0.7,0.53,0.2,0.13,0.37,0.51,0.44
"394",0.35,0.28,0.77,0.03,0.07,0.78,0.14,0.19
"395",0.34,0.61,0.2,0.44,0.18,0.24,0.03,0.5
"396",0.51,0.01,0.24,0.68,0.08,0.9,0.29,0.62
"397",0.03,0.31,0.66,0.11,0.45,0.38,0.11,0.65
"398",0.11,0.16,0.05,0.27,0.62,0.26,0.09,0.22
"399",0.57,0.13,0.56,0.01,0.35,0.08,0.06,0.44
"400",0.28,0.14,0.21,0.48,0.31,0.3,0.29,0.61
"401",0.74,0.02,0.38,0.29,0.06,0.89,0.82,0.06
"402",0.09,0.78,0.09,0.58,0.59,0.18,0.49,0.36
"403",0.62,0.27,0.34,0.52,0.06,0.06,0.2,0.18
"404",0.07,0.36,0.15,0.44,0.69,0.11,0.08,0.02
"405",0.11,0.25,0.33,0.52,0.45,0.18,0.36,0.26
"406",0.91,0.05,0.11,0.79,0.87,0.05,0.06,0.43
"407",0.07,0.46,0.2,0.41,0.31,0.5,0.37,0.26
"408",0.57,0.1,0.45,0.06,0.27,0.44,0.23,0.21
"409",0.39,0.32,0.02,0.68,0.23,0.4,0.32,0.64
"410",0.58,0.03,0,0.49,0.32,0.59,0.72,0.27
"411",0.33,0.46,0.18,0.41,0.27,0.18,0.16,0.18
"412",0.35,0.22,0.75,0.04,0.29,0.56,0.21,0.72
"413",0.51,0.04,0.4,0.06,0.3,0.01,0.44,0.05
"414",0.19,0.44,0.08,0.43,0.21,0.22,0.09,0.81
"415",0.1,0.01,0.52,0.31,0.53,0.38,0.5,0.01
"416",0.46,0.03,0.07,0.26,0.19,0.45,0.18,0.45
"417",0.01,0.36,0.43,0.18,0.02,0.52,0.35,0.33
"418",0.19,0.44,0.16,0.18,0.01,0.53,0.18,0.42
"419",0.02,0.64,0.27,0.51,0.37,0.45,0.74,0.2
"420",0.16,0.34,0.57,0.29,0.26,0.03,0.16,0.03
"421",0.49,0.28,0.72,0.26,0.78,0.19,0.12,0.37
"422",0.34,0.59,0.46,0.23,0.34,0.14,0.03,0.56
"423",0.39,0.35,0.15,0.61,0.83,0.06,0.6,0
"424",0.69,0.24,0.16,0.09,0.7,0.17,0.6,0.33
"425",0.74,0.06,0.25,0.47,0.02,0.33,0.28,0.37
"426",0.44,0.3,0.37,0.29,0.13,0.39,0.37,0.13
"427",0.17,0.01,0.04,0.5,0.01,0.39,0.54,0.37
"428",0.02,0.04,0.09,0.51,0.46,0.18,0.69,0.23
"429",0.22,0.07,0.27,0.56,0.22,0.38,0.26,0.59
"430",0.57,0.15,0.7,0.23,0.17,0.5,0.02,0.69
"431",0.59,0.24,0.19,0.36,0.32,0.51,0.74,0.05
"432",0.38,0.21,0.52,0.25,0.24,0.33,0.22,0.42
"433",0.63,0.16,0.54,0.21,0.77,0.18,0.29,0.22
"434",0.78,0.05,0.08,0.03,0.47,0.2,0.7,0.27
"435",0.07,0.46,0.07,0.11,0.04,0.88,0.83,0.16
"436",0.59,0.11,0.91,0.04,0.74,0.19,0.37,0.45
"437",0.43,0.29,0.56,0.29,0.23,0.38,0.19,0.8
"438",0.09,0.9,0.58,0.11,0.56,0.15,0.2,0.65
"439",0.36,0.56,0.16,0.17,0.51,0.06,0.05,0.31
"440",0.43,0.1,0.11,0.5,0.05,0.39,0.26,0.49
"441",0.08,0.6,0.59,0.2,0.12,0.73,0.66,0.07
"442",0.46,0.33,0.13,0.07,0.02,0.15,0.04,0.43
"443",0.9,0.02,0.57,0.12,0.66,0.18,0.42,0.04
"444",0.77,0.15,0.44,0.44,0.7,0.05,0.58,0
"445",0.04,0.54,0.64,0.18,0.12,0.55,0.66,0.04
"446",0.3,0.66,0.08,0.86,0.41,0.14,0.14,0.75
"447",0.25,0.34,0.5,0.38,0.35,0.11,0.16,0.81
"448",0.11,0.64,0.1,0.1,0.82,0.14,0.63,0.27
"449",0.36,0.17,0.02,0.11,0.6,0.29,0.24,0.24
"450",0.19,0.75,0.56,0.42,0.29,0,0.73,0.1
"451",0.44,0.29,0.46,0.01,0.55,0.08,0.26,0.47
"452",0.35,0.14,0.12,0.24,0.01,0.88,0.22,0.19
"453",0.59,0.21,0.93,0.06,0.36,0.37,0.83,0.04
"454",0.31,0.57,0.13,0.44,0.28,0.58,0.42,0.05
"455",0.19,0.75,0.55,0.13,0.24,0.66,0.05,0.12
"456",0.37,0.19,0.08,0.06,0.05,0.22,0.02,0.72
"457",0.26,0.06,0.15,0.34,0.65,0.01,0.23,0.2
"458",0.21,0.35,0.27,0.37,0.21,0.32,0.4,0.29
"459",0.07,0.19,0.01,0.9,0.39,0.39,0.29,0.27
"460",0.4,0.07,0.26,0.43,0.08,0.35,0.43,0
"461",0.63,0.28,0.08,0.8,0.73,0.09,0.29,0.59
"462",0.24,0.38,0.14,0.06,0.29,0.41,0.93,0.05
"463",0.34,0,0.13,0.48,0.02,0.95,0.32,0.49
"464",0.22,0.63,0.02,0.71,0.66,0.31,0.23,0.11
"465",0.16,0.12,0.34,0.03,0.37,0.02,0.15,0.58
"466",0.12,0.53,0.4,0.34,0.32,0.23,0.29,0.17
"467",0.02,0.79,0.14,0.85,0.12,0.34,0.11,0.75
"468",0.47,0.08,0.41,0.47,0.58,0.37,0.26,0.07
"469",0.9,0.07,0.26,0.01,0.28,0.08,0.28,0.68
"470",0.8,0.18,0.36,0.05,0.22,0.1,0.32,0.32
"471",0.04,0.79,0.24,0.59,0.41,0.4,0.87,0.06
"472",0.12,0.82,0.46,0.21,0.38,0.07,0.19,0.56
"473",0.42,0.52,0.37,0.09,0.3,0.56,0.09,0.77
"474",0.29,0.26,0.54,0.24,0.9,0.04,0.31,0.4
"475",0.48,0.39,0.26,0.61,0.25,0.47,0.26,0.62
"476",0.33,0.24,0.5,0.37,0.15,0.51,0.59,0.29
"477",0.26,0.05,0,0.14,0.06,0.4,0.06,0.14
"478",0.68,0.07,0.17,0.67,0.32,0.43,0.28,0.47
"479",0.14,0.02,0.48,0.17,0.1,0.14,0.04,0.08
"480",0.52,0.15,0.22,0.1,0.73,0.08,0.36,0.32
"481",0.59,0.2,0.95,0.04,0.54,0.32,0.28,0.45
"482",0.28,0.39,0.29,0.6,0.34,0.45,0.03,0.82
"483",0.03,0.58,0.45,0.47,0.13,0.13,0.67,0.23
"484",0.39,0.29,0.37,0.35,0.41,0.49,0.03,0.13
"485",0.15,0.74,0.44,0.4,0.2,0.17,0.12,0.66
"486",0.46,0.51,0.09,0.64,0.66,0.05,0.18,0.27
"487",0.75,0.2,0.49,0.11,0.67,0.14,0.16,0.28
"488",0.16,0.2,0.12,0.76,0.18,0.54,0.22,0.55
"489",0.22,0.33,0.14,0.01,0.19,0.72,0.67,0.18
"490",0.48,0.02,0.01,0.84,0.48,0.15,0.47,0.46
"491",0.58,0.32,0.63,0.1,0.14,0.52,0.9,0.09
"492",0.56,0.24,0.48,0.14,0.64,0.02,0.1,0.58
"493",0.18,0.74,0.07,0.89,0.46,0.38,0.07,0.83
"494",0.83,0.12,0.49,0.12,0.05,0.56,0.17,0.74
"495",0.23,0.22,0.57,0.35,0.63,0.21,0.6,0.16
"496",0.3,0.4,0.13,0.75,0.37,0.15,0.07,0.39
"497",0.11,0.69,0.56,0.13,0.62,0.17,0.3,0.54
"498",0.46,0.02,0.17,0.31,0.18,0.43,0.08,0.9
"499",0.15,0.83,0.59,0.25,0.48,0.04,0.28,0.25
"500",0.05,0.06,0.02,0.65,0.68,0.01,0.15,0.71
"501",0.66,0.28,0.17,0.01,0.19,0.33,0.33,0.64
"502",0.29,0.42,0.2,0.62,0.46,0.13,0.06,0.5
"503",0.29,0.08,0.26,0.61,0.03,0.95,0.6,0.37
"504",0.05,0.68,0.44,0.18,0.04,0.35,0.81,0.16
"505",0.55,0.03,0.09,0.19,0.05,0.43,0.76,0.21
"506",0.11,0.56,0.44,0.08,0.55,0.12,0.64,0.2
"507",0.2,0.13,0.47,0.43,0.13,0.28,0.11,0.73
"508",0.04,0.16,0.48,0.5,0.11,0.49,0.77,0.13
"509",0.04,0.02,0.22,0.09,0.17,0.76,0.33,0.3
"510",0.15,0.36,0.31,0.06,0.33,0.39,0.2,0.54
"511",0.34,0.34,0.45,0.23,0.38,0.36,0.31,0.32
"512",0.38,0.02,0.07,0.29,0.4,0.24,0.28,0.42
"513",0.43,0.07,0.44,0.3,0.38,0.33,0.06,0.65
"514",0.08,0.14,0.25,0.62,0.22,0.73,0.23,0.05
"515",0.53,0.41,0.46,0.4,0.02,0.55,0.05,0.2
"516",0.17,0.37,0.15,0.21,0.14,0.26,0.37,0.38
"517",0.07,0.78,0.83,0.1,0,0.2,0.13,0.76
"518",0.19,0.72,0.37,0.41,0.05,0.08,0.2,0.37
"519",0.03,0.15,0.46,0.04,0.28,0.27,0.59,0.02
"520",0.38,0.45,0.5,0.23,0.53,0.4,0.18,0.37
"521",0.12,0.78,0.22,0.14,0.33,0.58,0.15,0.63
"522",0.34,0.6,0.48,0.04,0.26,0.25,0.16,0.72
"523",0.29,0.7,0.24,0.26,0.19,0.08,0.58,0.21
"524",0.43,0.5,0.51,0.31,0.49,0.16,0.22,0.31
"525",0.38,0.34,0.9,0.05,0.47,0.37,0.42,0.26
"526",0.12,0.65,0.38,0.01,0.18,0.08,0.24,0.34
"527",0.11,0.66,0.06,0.9,0.1,0.03,0.11,0.12
"528",0.18,0.75,0.5,0.44,0.32,0.15,0.48,0.12
"529",0.08,0.79,0.67,0.25,0.47,0.23,0.31,0.1
"530",0.25,0.67,0.23,0.36,0.65,0.11,0.49,0
"531",0.04,0.88,0.69,0.05,0.17,0.65,0.09,0.26
"532",0.24,0.75,0.36,0.24,0.1,0.67,0.24,0.56
"533",0.52,0.27,0.21,0.43,0.05,0.49,0.22,0.63
"534",0.23,0.56,0.23,0.22,0.45,0.03,0.1,0.45
"535",0.15,0.43,0.59,0.29,0.12,0.36,0.25,0.39
"536",0.32,0.16,0.02,0.09,0.01,0.38,0.12,0.17
"537",0.03,0.43,0.4,0.58,0.51,0.42,0.06,0.5
"538",0.13,0.45,0.25,0.47,0.39,0.11,0.13,0.34
"539",0.08,0.41,0.11,0.09,0.47,0.18,0.15,0.45
"540",0.25,0.06,0.38,0.49,0.31,0.27,0.39,0.53
"541",0.32,0.38,0.52,0.02,0.42,0.45,0.28,0.68
"542",0.92,0.05,0.48,0.05,0.88,0.02,0.74,0.22
"543",0.04,0.13,0.23,0.62,0.28,0.31,0.02,0.54
"544",0.11,0.21,0.61,0.01,0.29,0.16,0.56,0.05
"545",0.31,0.2,0.24,0.45,0.03,0.53,0.24,0.11
"546",0.6,0,0.05,0.36,0.68,0.1,0.04,0.13
"547",0.43,0.2,0.3,0.62,0.23,0.51,0.18,0.73
"548",0.21,0.15,0.27,0.62,0.43,0.1,0.27,0.57
"549",0.09,0.79,0.63,0.06,0.05,0.05,0.34,0.2
"550",0.32,0.45,0.08,0.41,0.21,0.12,0.39,0.36
"551",0.39,0.56,0.34,0.22,0.78,0.18,0.08,0.37
"552",0.22,0.52,0.36,0.35,0.62,0.29,0.37,0.36
"553",0.32,0.13,0.33,0.37,0.08,0.4,0.32,0.15
"554",0.28,0.5,0.51,0.43,0.75,0.01,0.36,0.45
"555",0.78,0.11,0.23,0.42,0.24,0.73,0.33,0.13
"556",0.01,0.85,0.4,0.15,0.1,0.51,0.86,0.08
"557",0.02,0.09,0.11,0.03,0.78,0.07,0.11,0.38
"558",0.27,0.62,0.1,0.53,0.28,0.41,0.11,0.35
"559",0.04,0.62,0.86,0.07,0.01,0.32,0.09,0.22
"560",0.05,0.21,0.05,0.67,0.88,0.04,0.55,0.08
"561",0.1,0.8,0.05,0.45,0.01,0.59,0.62,0.1
"562",0.64,0,0.04,0.04,0.76,0.03,0.03,0.79
"563",0.3,0.46,0.06,0.65,0.28,0.25,0.03,0.52
"564",0.05,0.06,0.41,0.57,0.09,0.03,0.12,0.52
"565",0.69,0.18,0.3,0.03,0.18,0,0.7,0.25
"566",0.26,0.58,0.06,0.43,0.14,0.56,0.11,0.52
"567",0.63,0.36,0.58,0.15,0.15,0.56,0.6,0.17
"568",0.34,0.53,0.12,0.32,0.13,0.4,0.11,0.47
"569",0.1,0.23,0.51,0.14,0.41,0.34,0.06,0.8
"570",0.25,0.11,0.31,0.1,0.46,0.53,0.51,0.37
"571",0.27,0.38,0.07,0.34,0.57,0.3,0.11,0.18
"572",0.33,0.34,0.53,0.07,0.01,0.07,0.55,0.19
"573",0.13,0.01,0.23,0.53,0.08,0.85,0.21,0.36
"574",0.12,0.45,0.21,0.76,0.26,0.57,0.29,0.1
"575",0.7,0.24,0.41,0.04,0.35,0.5,0.88,0.04
"576",0.6,0.29,0.7,0.03,0.47,0.43,0.39,0.36
"577",0.2,0.02,0.9,0.07,0.07,0.28,0.86,0.09
"578",0.07,0.55,0.53,0.04,0.26,0.68,0.29,0.2
"579",0.15,0.39,0.43,0.48,0.19,0.54,0.32,0.65
"580",0.36,0.18,0.35,0.05,0.31,0.64,0.03,0.07
"581",0.06,0.27,0.17,0.14,0.16,0.26,0.47,0.29
"582",0.26,0.72,0.11,0.22,0.18,0.62,0.28,0.02
"583",0.52,0.24,0.21,0.27,0.26,0.71,0.61,0.11
"584",0.1,0.51,0.7,0.25,0.42,0.3,0.13,0.06
"585",0.16,0.53,0.09,0.48,0.35,0.17,0.19,0.02
"586",0.84,0.01,0.67,0.17,0.18,0.61,0.15,0.4
"587",0.8,0.03,0.2,0.55,0.57,0.13,0.03,0.18
"588",0.65,0.33,0.23,0.45,0.82,0.07,0.51,0.09
"589",0.08,0.28,0.03,0.41,0.1,0.89,0.08,0.77
"590",0,0.64,0.23,0.51,0.19,0.5,0.31,0.45
"591",0.52,0.4,0.32,0.38,0.28,0.55,0.24,0.45
"592",0.05,0.42,0.33,0.07,0.07,0.77,0.81,0.07
"593",0.4,0.09,0.67,0.1,0.38,0.46,0.03,0.44
"594",0.25,0.32,0.09,0.78,0.07,0.21,0.02,0.24
"595",0.42,0.14,0.86,0.12,0.4,0.18,0.25,0.59
"596",0.02,0.63,0.21,0.56,0.63,0.2,0.02,0.14
"597",0.04,0.04,0.34,0.2,0.63,0,0.2,0.42
"598",0.5,0.23,0.61,0.07,0.13,0.32,0.22,0.46
"599",0.42,0.25,0.08,0.89,0.65,0.12,0.11,0.87
"600",0.6,0.2,0.7,0.17,0.07,0.41,0.56,0.32
"601",0.44,0.07,0.29,0.36,0.74,0.2,0.32,0.17
"602",0.1,0.12,0.2,0.19,0.11,0.55,0.1,0.2
"603",0.78,0.03,0.54,0.28,0.34,0.44,0.04,0.15
"604",0.86,0.08,0.13,0.5,0.52,0.24,0.09,0.23
"605",0.16,0.23,0.58,0.1,0.44,0.14,0.42,0.2
"606",0.06,0.19,0.31,0.31,0.22,0.74,0.14,0.84
"607",0.15,0.25,0.37,0.49,0.31,0.02,0.06,0.4
"608",0.5,0.04,0.8,0.05,0.04,0.09,0.09,0.15
"609",0.56,0.21,0.48,0.07,0.15,0.78,0.63,0.09
"610",0.39,0.5,0.72,0.24,0.2,0.14,0.27,0.42
"611",0.19,0.69,0.27,0.54,0.38,0.3,0.27,0.2
"612",0.53,0.09,0.62,0.33,0.55,0.21,0.33,0.15
"613",0.18,0.34,0.07,0.67,0.05,0.43,0.16,0.39
"614",0.06,0.4,0.49,0.11,0.37,0.37,0.02,0.26
"615",0.62,0.29,0.68,0.06,0.02,0.65,0.02,0.14
"616",0.55,0.22,0.05,0.94,0.17,0.24,0.61,0.26
"617",0.52,0.37,0.33,0.51,0.55,0.03,0.24,0.06
"618",0.89,0.1,0.66,0.12,0.41,0.12,0.07,0.36
"619",0.47,0.44,0.29,0.27,0.01,0.19,0.9,0.07
"620",0.07,0.08,0.42,0.5,0.45,0.54,0.04,0.41
"621",0.07,0.58,0.01,0.84,0,0.07,0.01,0.9
"622",0.26,0.51,0.57,0.25,0.88,0.1,0.43,0.12
"623",0.44,0.36,0.84,0.07,0.16,0.49,0.7,0.21
"624",0.04,0.35,0.28,0.19,0.06,0.44,0.46,0.04
"625",0.15,0.15,0.55,0.27,0.37,0.3,0.07,0.62
"626",0.09,0.31,0.35,0.19,0.01,0.4,0.08,0.34
"627",0.28,0.49,0.62,0.15,0.31,0.07,0.62,0.34
"628",0.16,0.48,0.29,0.63,0.27,0.54,0.18,0.45
"629",0.08,0.51,0.05,0.49,0.34,0.37,0.2,0.11
"630",0.33,0.14,0.41,0.48,0.66,0.03,0.5,0.29
"631",0.41,0.23,0.15,0.18,0.3,0.6,0.14,0.77
"632",0.64,0.08,0.32,0.48,0.41,0.28,0.91,0.03
"633",0.25,0.31,0.46,0.48,0.58,0.01,0.16,0.68
"634",0.29,0.55,0.13,0.15,0.67,0.11,0.39,0.46
"635",0.44,0.2,0.3,0.43,0.02,0.66,0.28,0.56
"636",0.39,0.03,0.75,0.1,0.14,0.19,0.87,0.11
"637",0.81,0.14,0.37,0.2,0.74,0.14,0.07,0.44
"638",0.64,0.31,0.27,0.52,0.1,0.46,0.38,0.34
"639",0.08,0.83,0.44,0.55,0.59,0.27,0.18,0.16
"640",0.38,0.38,0.54,0.38,0.03,0.06,0.23,0.65
"641",0.41,0.57,0.6,0.18,0.41,0.22,0.14,0.74
"642",0.22,0.06,0.24,0.08,0.8,0.17,0.06,0.81
"643",0.47,0.5,0.1,0.43,0,0.12,0.56,0.08
"644",0.56,0.39,0.3,0.21,0.31,0.48,0.45,0.05
"645",0.08,0.33,0.21,0.5,0.81,0.17,0.27,0.51
"646",0.66,0.19,0.05,0.16,0.27,0.28,0.86,0.06
"647",0.13,0.57,0.34,0.58,0.11,0.4,0.42,0.35
"648",0.46,0.53,0.68,0.04,0.01,0.3,0.08,0.58
"649",0.32,0.19,0.28,0.45,0.17,0.13,0.1,0.69
"650",0.55,0.19,0.11,0.72,0.26,0.6,0.83,0.03
"651",0.3,0.05,0.25,0.22,0.04,0.25,0.9,0.08
"652",0.7,0.21,0.62,0.26,0.29,0.68,0.18,0.55
"653",0.76,0.08,0.02,0.58,0.65,0.25,0.57,0.37
"654",0.04,0.07,0.22,0.68,0.2,0.63,0.33,0.38
"655",0.09,0.85,0.04,0.09,0.81,0.07,0.47,0.49
"656",0.43,0.49,0.3,0.6,0.21,0.17,0.51,0.38
"657",0.59,0.12,0.18,0.15,0.07,0.2,0.06,0.6
"658",0.69,0.3,0.21,0.52,0.65,0.29,0.46,0.02
"659",0.75,0.07,0.23,0.58,0.61,0.26,0.45,0.42
"660",0.73,0.23,0.04,0.2,0.95,0.01,0.48,0.24
"661",0.27,0.1,0.39,0.26,0.84,0.15,0.29,0.64
"662",0.24,0.71,0.3,0.13,0.64,0.35,0.8,0.13
"663",0.24,0.49,0.68,0.29,0.2,0.46,0.64,0.02
"664",0.76,0.03,0.39,0.5,0.62,0.19,0.07,0.06
"665",0.78,0.12,0.25,0.46,0.26,0.02,0.05,0.7
"666",0.62,0.36,0.18,0.44,0.17,0.65,0.59,0.34
"667",0.58,0.21,0.43,0.09,0.05,0.2,0.12,0.67
"668",0.21,0.48,0.76,0.13,0.02,0.45,0.6,0.2
"669",0.45,0.36,0.12,0.29,0.52,0.18,0.64,0.02
"670",0.15,0.79,0.69,0.16,0.5,0.48,0.13,0.78
"671",0.02,0.82,0.41,0.02,0.49,0.27,0.2,0.11
"672",0.02,0.54,0.11,0.05,0.17,0.33,0.53,0.04
"673",0.21,0.62,0.11,0.47,0.21,0.22,0.46,0.02
"674",0.14,0.73,0.04,0.08,0.6,0.16,0.38,0.42
"675",0.42,0.46,0.17,0.58,0.19,0.52,0.21,0.03
"676",0.53,0.37,0.65,0.06,0.06,0.43,0.71,0.27
"677",0.52,0.1,0.27,0.38,0.23,0.62,0.03,0.66
"678",0.38,0.41,0.85,0,0.18,0.8,0.16,0.04
"679",0.94,0,0.43,0.52,0.52,0.34,0.44,0.1
"680",0.22,0.77,0.09,0.56,0.24,0.07,0.63,0.28
"681",0.42,0.04,0.38,0.22,0.08,0.57,0.08,0.72
"682",0.05,0.44,0.07,0.73,0.14,0.37,0.09,0.42
"683",0.8,0.04,0.34,0.53,0.66,0.27,0.85,0.09
"684",0.04,0.85,0.16,0.35,0.57,0.1,0.19,0.8
"685",0.16,0.06,0.07,0.85,0.12,0.44,0.46,0.53
"686",0.06,0.8,0.25,0.29,0.46,0.37,0.65,0.03
"687",0.15,0.24,0.78,0.11,0.72,0.15,0.24,0.04
"688",0.21,0.51,0.32,0.49,0.86,0.1,0.19,0.31
"689",0.09,0.08,0.01,0.97,0.06,0.39,0.23,0.05
"690",0.74,0.18,0.05,0.53,0.09,0.68,0.56,0.28
"691",0.37,0.26,0.59,0.27,0.38,0.11,0.3,0.06
"692",0.58,0.35,0.42,0.12,0.3,0.13,0.31,0.59
"693",0.76,0.21,0.73,0.23,0.14,0.55,0.25,0.22
"694",0.28,0.07,0.26,0.11,0.14,0.63,0.17,0.53
"695",0.13,0.43,0.18,0.77,0.43,0.08,0.06,0.04
"696",0.03,0.61,0.38,0.03,0.1,0.36,0.47,0.14
"697",0.17,0.78,0.41,0.11,0.15,0.19,0.07,0.46
"698",0.62,0.14,0.87,0,0.07,0.3,0.22,0.52
"699",0.57,0.27,0.29,0.63,0.57,0.21,0.14,0.31
"700",0.15,0.17,0.88,0,0.11,0.41,0.46,0.35
"701",0.23,0.65,0.3,0.57,0.38,0.57,0.08,0.41
"702",0.21,0.21,0.19,0.35,0.18,0.11,0.34,0.31
"703",0.76,0.16,0.08,0.34,0.12,0.44,0.4,0.34
"704",0.57,0.18,0.84,0.1,0.08,0.42,0.32,0.41
"705",0.49,0.09,0.52,0.43,0.35,0.61,0.55,0.11
"706",0.24,0.39,0.04,0.8,0.09,0.84,0.66,0.05
"707",0.01,0.18,0.52,0.28,0.27,0.29,0.08,0.09
"708",0.74,0.05,0.6,0.26,0.21,0.26,0.33,0.35
"709",0.68,0.26,0.02,0.36,0.26,0.65,0.58,0.35
"710",0.23,0.39,0.58,0.34,0.05,0.77,0.37,0.17
"711",0.07,0.29,0.51,0.25,0.38,0.54,0.65,0.32
"712",0.65,0.12,0.32,0.06,0.23,0.5,0.42,0.46
"713",0.05,0.77,0.42,0.51,0.36,0.02,0.56,0.42
"714",0.2,0.15,0.26,0.37,0.3,0.18,0.52,0.06
"715",0.04,0.35,0.19,0.18,0.11,0.17,0.1,0.45
"716",0.05,0.19,0.08,0.24,0.1,0.53,0.56,0.34
"717",0.04,0.73,0.78,0.1,0.44,0.24,0.31,0.02
"718",0.26,0.14,0.33,0.27,0.08,0.71,0,0.78
"719",0.16,0.13,0.03,0.05,0.01,0.29,0.43,0.19
"720",0.28,0.54,0.29,0.5,0.08,0.8,0.59,0.27
"721",0.57,0.27,0.12,0.31,0.74,0.23,0.12,0.45
"722",0.13,0.62,0.68,0.09,0.1,0.06,0.4,0.44
"723",0.28,0.55,0.16,0.03,0.24,0.65,0.12,0.47
"724",0.29,0.68,0.8,0.14,0.34,0.5,0.21,0.35
"725",0.37,0.29,0.46,0.03,0.05,0.07,0.34,0.42
"726",0.09,0.34,0.58,0.17,0.37,0.56,0.01,0.46
"727",0.35,0.41,0.29,0.44,0.11,0.49,0.36,0.16
"728",0.17,0.55,0.03,0.95,0,0.98,0.49,0.48
"729",0.49,0.32,0.82,0.02,0.03,0.89,0.15,0.81
"730",0.4,0.42,0.21,0.78,0.16,0.42,0.2,0.72
"731",0,0.95,0.06,0.13,0.41,0.42,0.01,0.04
"732",0.5,0.29,0.01,0.51,0.31,0.42,0.32,0.32
"733",0.28,0.63,0.12,0.68,0.16,0.64,0.12,0.09
"734",0.7,0.27,0.9,0.05,0.12,0.09,0.54,0.04
"735",0.61,0.36,0.73,0.18,0.09,0.71,0.42,0.38
"736",0.05,0.86,0.21,0.11,0.36,0.15,0.8,0.13
"737",0.53,0.42,0.47,0.14,0.03,0.87,0.39,0.07
"738",0.16,0.2,0.21,0.64,0.52,0.16,0.08,0.19
"739",0.08,0.3,0.74,0.05,0.62,0.18,0.41,0.27
"740",0.09,0.71,0.12,0.77,0.36,0.42,0.36,0.1
"741",0.59,0.26,0.19,0.66,0.42,0.48,0.67,0.04
"742",0.01,0.61,0.22,0.11,0.15,0.08,0.26,0.49
"743",0.2,0.53,0.09,0.05,0.31,0.17,0.57,0.27
"744",0.27,0.46,0.37,0.02,0.26,0.06,0.44,0.33
"745",0.62,0.36,0.15,0.28,0.11,0.11,0.36,0.02
"746",0.18,0.35,0.05,0.54,0.4,0.52,0.08,0.18
"747",0.5,0.21,0.68,0.16,0.03,0.64,0.35,0.32
"748",0.39,0.58,0.2,0.18,0.16,0.21,0.14,0.08
"749",0.39,0.07,0.23,0.27,0.53,0.37,0.15,0.2
"750",0.01,0.11,0.71,0.12,0.2,0.62,0.29,0.44
"751",0.04,0.22,0.72,0.1,0.55,0.06,0.86,0.07
"752",0.64,0.3,0.61,0.35,0.74,0.04,0.3,0.37
"753",0.4,0.53,0.04,0.16,0.01,0.62,0.19,0.46
"754",0.22,0.74,0.47,0.08,0.68,0.09,0.3,0.15
"755",0.32,0.1,0.22,0.48,0.65,0.21,0.28,0.21
"756",0.18,0.15,0.53,0.25,0.46,0.42,0.33,0.44
"757",0.43,0.33,0.54,0.18,0.14,0.6,0.05,0.43
"758",0.24,0.58,0.41,0.14,0.4,0.02,0.05,0.32
"759",0.82,0.13,0.04,0.72,0.44,0.39,0.7,0.15
"760",0.02,0.87,0.02,0.43,0.05,0.56,0.09,0.35
"761",0.33,0.3,0.55,0.08,0.17,0.1,0.65,0.07
"762",0.54,0.34,0.76,0.1,0.14,0.51,0.1,0.46
"763",0.24,0.13,0.05,0.87,0.41,0.26,0.54,0.41
"764",0.32,0.12,0.17,0.1,0.33,0.66,0.3,0.27
"765",0.68,0.02,0.16,0.76,0.19,0.59,0.87,0.03
"766",0.36,0.19,0.54,0.1,0.1,0.7,0.21,0.08
"767",0.03,0.17,0.41,0.38,0.13,0.68,0.73,0.15
"768",0.06,0.41,0.39,0.38,0.41,0.27,0.45,0.36
"769",0.07,0.72,0.5,0.49,0.28,0.39,0.2,0.25
"770",0.74,0.09,0.38,0.2,0.34,0.24,0.51,0.13
"771",0.71,0.26,0.1,0.49,0.88,0.11,0.06,0.41
"772",0.33,0.5,0.51,0.26,0.61,0.35,0.53,0.22
"773",0.15,0.69,0.37,0.25,0.29,0.43,0.41,0.11
"774",0.55,0.21,0.47,0.01,0.44,0.3,0.39,0.33
"775",0.19,0.25,0.26,0.57,0.72,0.05,0.18,0.61
"776",0.21,0.49,0.29,0.47,0.18,0.25,0.8,0
"777",0.25,0.58,0.61,0.1,0.19,0.28,0.26,0.37
"778",0.13,0.14,0.39,0.3,0.22,0.37,0.72,0.17
"779",0.06,0.36,0.47,0.45,0.29,0.26,0.5,0.24
"780",0.43,0.36,0.61,0.17,0.33,0.66,0.13,0.32
"781",0.56,0.12,0.56,0.24,0.02,0.96,0.08,0.49
"782",0.63,0.09,0.52,0.16,0.17,0.59,0.34,0.45
"783",0.18,0.46,0.39,0.35,0.17,0.54,0.53,0.37
"784",0.35,0.4,0.24,0.71,0.47,0.38,0.59,0.34
"785",0.29,0.15,0.27,0.31,0.1,0.12,0.26,0.36
"786",0.71,0.04,0.07,0.81,0.87,0.09,0.02,0.18
"787",0.32,0.23,0.21,0.09,0.02,0.56,0.74,0.02
"788",0.13,0.47,0.05,0,0.21,0.69,0.1,0.2
"789",0.34,0.01,0.13,0.75,0.35,0.05,0.43,0.1
"790",0.15,0.39,0.49,0.15,0.03,0.03,0.55,0.1
"791",0.33,0.09,0.1,0.44,0.41,0.13,0.4,0.33
"792",0.89,0.05,0.42,0.44,0.06,0.38,0.33,0.5
"793",0.38,0.61,0.19,0.36,0.06,0.16,0.33,0.39
"794",0.03,0.01,0.1,0.51,0.27,0.07,0.46,0.09
"795",0.55,0.12,0.2,0.56,0.11,0.06,0.37,0.29
"796",0.42,0.51,0.18,0.27,0.54,0.28,0.03,0.53
"797",0.32,0.54,0.14,0.2,0.21,0.09,0.44,0.49
"798",0.26,0.1,0.23,0.36,0.32,0.44,0.28,0.32
"799",0.02,0.1,0.1,0.22,0.16,0.28,0.4,0.44
"800",0.78,0.03,0.19,0.69,0.19,0.71,0.25,0.45
"801",0.24,0.18,0.23,0.19,0.57,0.41,0.98,0.01
"802",0.24,0.58,0.58,0.31,0.63,0.08,0.34,0.05
"803",0.24,0.3,0.46,0.05,0.2,0.44,0.17,0.35
"804",0.27,0.27,0.34,0.11,0.08,0.33,0.37,0.41
"805",0.32,0.44,0.05,0.61,0.9,0.03,0.26,0.2
"806",0.45,0.38,0.75,0.22,0.88,0.06,0.21,0.29
"807",0.34,0.39,0.59,0.36,0.19,0.16,0.69,0.23
"808",0.52,0.25,0.23,0.05,0.5,0.38,0.01,0.37
"809",0.01,0.28,0.56,0.15,0.11,0.86,0.32,0.23
"810",0.06,0.52,0.43,0.39,0.18,0.66,0.02,0.24
"811",0.2,0.03,0.38,0.48,0.16,0.51,0.8,0.12
"812",0.05,0.35,0.6,0.39,0.32,0.31,0.32,0.63
"813",0.69,0.23,0.81,0.08,0.07,0.01,0.14,0.53
"814",0.17,0.6,0.07,0.26,0.2,0.71,0.19,0.68
"815",0.55,0.27,0.28,0.29,0.4,0.35,0.15,0.39
"816",0.27,0.37,0.68,0.09,0.07,0.91,0.06,0.87
"817",0.53,0.36,0.08,0.81,0.58,0.17,0.59,0.25
"818",0.05,0.83,0.18,0.05,0.01,0.13,0.01,0.51
"819",0.14,0.55,0.29,0.37,0.54,0.35,0.15,0.6
"820",0.57,0.35,0.37,0.13,0.6,0.1,0.63,0.35
"821",0.6,0.37,0.48,0.45,0.73,0.13,0.31,0.11
"822",0.11,0.34,0.54,0.17,0.75,0.09,0.18,0.03
"823",0.27,0,0.02,0.12,0.34,0.53,0.36,0.52
"824",0.26,0.65,0.2,0.52,0,0.09,0.28,0.12
"825",0.11,0.55,0.57,0.33,0.49,0.08,0.21,0.68
"826",0.45,0.41,0.67,0.26,0.14,0.15,0.05,0.08
"827",0.62,0.16,0.2,0.37,0.19,0.26,0.18,0.13
"828",0.87,0.08,0.51,0.2,0.63,0.36,0.35,0.33
"829",0.15,0.12,0.27,0.53,0.18,0.09,0.04,0.54
"830",0.32,0.57,0.59,0.06,0.56,0.34,0.01,0.84
"831",0.3,0.33,0.68,0.21,0.1,0.49,0.25,0.57
"832",0.7,0.08,0.28,0.33,0.17,0.71,0.08,0.78
"833",0.61,0.11,0.13,0.68,0.28,0.61,0.09,0.54
"834",0.3,0.31,0.08,0.24,0.06,0.67,0.22,0.72
"835",0.2,0.26,0.46,0.21,0.55,0.36,0.8,0.13
"836",0.59,0.17,0.24,0.64,0.5,0.17,0.26,0.22
"837",0.32,0.05,0.02,0.41,0.06,0.23,0.71,0.1
"838",0.1,0.71,0.24,0.71,0.36,0.2,0.33,0.44
"839",0.84,0,0.16,0.54,0.07,0.35,0.44,0.41
"840",0.64,0.16,0.33,0.07,0.25,0.01,0.07,0.38
"841",0,0.3,0.52,0.21,0.24,0.18,0.39,0.12
"842",0.43,0.44,0.06,0.26,0.11,0.69,0.4,0.01
"843",0.15,0.31,0.07,0.17,0.01,0.14,0.79,0.2
"844",0.06,0.33,0.12,0.51,0.52,0.14,0.24,0.69
"845",0.12,0.58,0.2,0.4,0.5,0.49,0.24,0.51
"846",0.18,0.41,0.64,0.07,0.67,0.14,0.37,0.16
"847",0.48,0.09,0.17,0.02,0.24,0.51,0.5,0.44
"848",0.19,0.42,0.01,0.67,0.03,0.02,0.34,0.15
"849",0.08,0.81,0.55,0.2,0.25,0.45,0.27,0.22
"850",0.35,0.63,0.12,0.53,0.05,0.57,0.54,0.41
"851",0.75,0.14,0.22,0.38,0.05,0.3,0.11,0.82
"852",0.52,0.34,0.46,0.32,0.46,0.49,0.6,0.27
"853",0.84,0.1,0.32,0.15,0.51,0.48,0.23,0.04
"854",0.74,0.1,0.49,0.01,0.23,0.12,0.52,0.43
"855",0.74,0.24,0.23,0.61,0.77,0.05,0.18,0.26
"856",0.31,0.02,0.17,0.52,0.52,0.22,0.32,0.31
"857",0.41,0.38,0.74,0.1,0.16,0.28,0.21,0.25
"858",0.01,0.7,0.35,0.42,0.52,0.38,0.41,0.27
"859",0.07,0.05,0.33,0.29,0.09,0.53,0.13,0.49
"860",0.11,0.7,0,0.98,0.03,0.33,0.23,0.44
"861",0.18,0.62,0.04,0.69,0.37,0.54,0.05,0.6
"862",0.4,0.14,0.67,0.21,0.68,0.1,0.25,0.27
"863",0.79,0.16,0.73,0.21,0.39,0.25,0.37,0.27
"864",0.12,0.57,0.23,0.73,0.57,0.14,0.82,0.06
"865",0.15,0.36,0.06,0.48,0.31,0.34,0.41,0.3
"866",0.07,0.09,0.38,0.53,0,0.3,0.23,0.15
"867",0.61,0.33,0.13,0.33,0.7,0.26,0.11,0.5
"868",0.12,0.21,0.66,0.07,0.16,0.49,0.03,0.62
"869",0.17,0.77,0.2,0.2,0.58,0.4,0.55,0.22
"870",0.42,0.39,0.27,0.04,0.73,0.19,0.73,0.18
"871",0.56,0.22,0.45,0.29,0.33,0.07,0.03,0.56
"872",0.27,0.17,0.04,0,0.24,0.22,0.14,0.71
"873",0.28,0.3,0.44,0.25,0.03,0.23,0.24,0.65
"874",0.06,0.08,0.56,0.24,0.29,0.66,0.03,0.02
"875",0.62,0.23,0.13,0.63,0.26,0.61,0.51,0.31
"876",0.12,0.23,0.2,0.05,0.42,0.1,0.33,0.51
"877",0.75,0.15,0.08,0.52,0.12,0.03,0.02,0.68
"878",0.33,0.36,0.09,0.19,0,0.14,0.12,0.34
"879",0.63,0.23,0.38,0.38,0.43,0.45,0.22,0.55
"880",0.18,0.03,0.77,0.1,0.25,0.47,0.53,0.01
"881",0.38,0.39,0.16,0.09,0.22,0.68,0.79,0.14
"882",0.52,0.22,0.01,0.64,0.32,0.07,0.03,0.44
"883",0.18,0.45,0.34,0.15,0.04,0.72,0.39,0.45
"884",0.19,0.35,0.08,0.89,0.64,0.15,0.39,0.13
"885",0.14,0.06,0.34,0.63,0.15,0.55,0.17,0.11
"886",0.58,0.36,0.6,0.04,0.26,0.02,0.11,0.61
"887",0.09,0.36,0.22,0.4,0.27,0.48,0.02,0.06
"888",0.26,0.26,0.41,0.33,0.01,0.94,0.29,0.53
"889",0.01,0.9,0.19,0.03,0.97,0,0.71,0.23
"890",0.35,0.13,0.22,0.74,0.41,0.42,0.73,0.16
"891",0.74,0.07,0.6,0.35,0.6,0.24,0.34,0.17
"892",0.42,0.23,0.28,0.01,0.95,0.01,0.41,0.58
"893",0.1,0.22,0.04,0.37,0.18,0.74,0.44,0.04
"894",0.5,0.08,0.88,0.03,0.24,0.47,0.23,0.17
"895",0.29,0.69,0.71,0.27,0.38,0.03,0.48,0.3
"896",0.02,0.3,0.46,0.18,0.1,0.69,0.12,0.2
"897",0.4,0.1,0.37,0.01,0.18,0.21,0.59,0.18
"898",0.27,0.66,0.02,0.39,0.08,0.34,0.17,0.6
"899",0.19,0.21,0.11,0.58,0.93,0.01,0.17,0.12
"900",0.47,0.35,0.24,0.74,0.68,0.06,0.64,0.28
"901",0.25,0.71,0.29,0.67,0.2,0.16,0.7,0.05
"902",0.27,0.45,0.18,0.44,0.1,0.73,0.2,0.17
"903",0.13,0.57,0.09,0.11,0.21,0.54,0.47,0.22
"904",0.01,0.51,0.83,0.11,0.37,0.61,0.55,0.37
"905",0.19,0.77,0.09,0.4,0.74,0.04,0.58,0.3
"906",0.26,0.17,0.07,0.3,0.37,0.14,0.15,0.39
"907",0.4,0.44,0.44,0.54,0.23,0.35,0.12,0.05
"908",0.9,0.08,0.29,0.43,0.46,0.32,0.37,0.27
"909",0.81,0.09,0.53,0.24,0.1,0.48,0.84,0.07
"910",0.17,0.25,0.03,0.03,0.59,0.01,0.52,0.37
"911",0.02,0.43,0.41,0.55,0.28,0.32,0.12,0.25
"912",0.01,0.98,0.08,0.41,0.2,0.36,0.21,0.49
"913",0.72,0.23,0.25,0.7,0.58,0.31,0.48,0.39
"914",0.26,0.08,0.56,0.11,0.63,0.13,0.56,0.22
"915",0.26,0.49,0.67,0.13,0.11,0.47,0.35,0.45
"916",0.49,0.43,0.09,0.43,0.46,0.06,0.05,0.61
"917",0.14,0.23,0.1,0.52,0.1,0.38,0,0.67
"918",0.12,0.64,0.03,0.34,0.28,0.64,0.63,0.28
"919",0.15,0.54,0.4,0.55,0.01,0.24,0.7,0.05
"920",0.04,0.17,0.28,0.66,0.89,0.1,0.58,0.1
"921",0.82,0.14,0,0.22,0.22,0.03,0.61,0.29
"922",0.06,0.1,0.61,0.36,0.25,0.49,0.64,0.28
"923",0.4,0.14,0.85,0.08,0.17,0.03,0.22,0.4
"924",0.59,0.13,0.19,0.08,0.38,0.39,0.12,0.49
"925",0.15,0.06,0.02,0.04,0.49,0.32,0.13,0.47
"926",0.33,0.5,0.23,0.76,0.05,0.43,0.13,0.4
"927",0.78,0.02,0.06,0.32,0.64,0.22,0.24,0.1
"928",0.16,0.61,0.55,0.07,0.15,0.24,0.59,0.22
"929",0.24,0.42,0.09,0.05,0.05,0.33,0.29,0.28
"930",0.73,0.15,0.8,0.09,0.47,0.14,0.33,0.19
"931",0.34,0.42,0.47,0.18,0.31,0.18,0.89,0.05
"932",0.15,0.51,0.08,0.33,0.38,0.16,0.61,0.35
"933",0.08,0.6,0.39,0.53,0.76,0.22,0.06,0.49
"934",0.2,0.17,0.25,0.13,0.01,0.06,0.19,0.6
"935",0.24,0.12,0.3,0.34,0.23,0.26,0.18,0.04
"936",0.05,0.19,0.89,0.06,0.62,0.11,0.02,0.39
"937",0.55,0.37,0.21,0.58,0.34,0.24,0.57,0.05
"938",0.46,0.21,0.32,0.43,0.84,0.14,0.45,0.06
"939",0.03,0.41,0.64,0.19,0.33,0.48,0.63,0.34
"940",0.54,0.11,0.05,0.81,0.05,0.86,0.13,0.53
"941",0.19,0.72,0.8,0.12,0.49,0.19,0.86,0.13
"942",0.04,0.55,0.73,0.08,0.37,0.49,0.16,0.23
"943",0.18,0.56,0,0.36,0.6,0.32,0.11,0.6
"944",0.34,0.03,0.19,0.09,0.62,0,0.22,0.02
"945",0.05,0.22,0.45,0.34,0.04,0.33,0.04,0.17
"946",0.67,0.25,0,0.64,0.32,0.65,0.11,0.34
"947",0.08,0.31,0.05,0.15,0.41,0.3,0.67,0.1
"948",0.13,0.05,0.49,0.29,0.47,0.18,0.58,0.09
"949",0.47,0.17,0.34,0.25,0.3,0.35,0,0.94
"950",0.15,0.51,0.36,0.28,0.34,0.12,0.36,0.47
"951",0.38,0.17,0.01,0.96,0.78,0.21,0.03,0.87
"952",0.27,0.58,0.21,0.44,0.75,0.13,0.12,0.18
"953",0.31,0.19,0.5,0.15,0.03,0.22,0.34,0.4
"954",0.07,0.29,0.5,0.07,0.25,0.19,0.22,0.64
"955",0.2,0.29,0.43,0.25,0.13,0.83,0.08,0.31
"956",0.51,0.22,0.41,0.18,0.06,0.46,0.45,0.38
"957",0.76,0.11,0.3,0.45,0,0.03,0.03,0.59
"958",0.08,0.36,0.1,0.44,0.17,0.78,0.02,0.21
"959",0.25,0.51,0.02,0.46,0,0.16,0.29,0.6
"960",0.37,0.37,0.12,0.41,0.14,0.37,0.65,0.23
"961",0.33,0.32,0.1,0.41,0.5,0.26,0.13,0.45
"962",0.75,0.22,0.29,0.5,0.58,0.37,0.73,0.08
"963",0.36,0.52,0.21,0.4,0.01,0.5,0.56,0.4
"964",0.47,0.07,0.27,0.22,0.12,0.7,0.24,0.25
"965",0.31,0.12,0.52,0.19,0.31,0.43,0.09,0.8
"966",0.3,0.65,0.06,0.15,0.44,0.01,0.22,0.26
"967",0.06,0.55,0.24,0.19,0.46,0.13,0.07,0.7
"968",0.45,0.25,0.34,0.48,0.16,0.64,0.21,0.51
"969",0.48,0.44,0.1,0.41,0.09,0.58,0.8,0.13
"970",0.05,0.26,0.12,0.36,0.67,0.02,0.02,0.09
"971",0.38,0.61,0.1,0.27,0.14,0.01,0.4,0.18
"972",0.06,0.44,0.31,0.24,0.39,0.13,0.65,0.34
"973",0.91,0.03,0,0.78,0.25,0.12,0.16,0.04
"974",0.55,0.23,0.38,0.14,0.19,0.08,0.53,0.43
"975",0.53,0.39,0.77,0.08,0.58,0.41,0.17,0.1
"976",0.74,0.03,0.12,0.77,0.87,0.06,0.24,0.25
"977",0.89,0.08,0.6,0.03,0.42,0.1,0.42,0.3
"978",0.01,0.38,0.58,0.17,0.31,0.49,0.06,0.17
"979",0.28,0.63,0.01,0.51,0.47,0.46,0.04,0.4
"980",0.59,0.2,0.64,0.04,0.19,0.57,0.09,0.02
"981",0.22,0,0.14,0.64,0.05,0.57,0.86,0.03
"982",0.16,0.58,0.47,0.44,0.1,0.63,0.14,0.2
"983",0.17,0.11,0.15,0.8,0.25,0.48,0.69,0.14
"984",0.85,0.04,0.06,0.85,0.58,0.31,0.39,0.5
"985",0.46,0.44,0.1,0.46,0.11,0.78,0.06,0.02
"986",0.14,0.38,0.33,0.58,0.37,0.61,0.08,0.55
"987",0.29,0.47,0.74,0.05,0.22,0.2,0.24,0.58
"988",0.08,0.17,0.19,0.24,0.59,0.32,0.28,0.7
"989",0.03,0.08,0.17,0.38,0.3,0.24,0.47,0.29
"990",0.66,0.22,0.7,0.05,0.59,0.14,0.16,0.66
"991",0.2,0.76,0.34,0.5,0.41,0.27,0.62,0.05
"992",0.58,0.35,0.41,0.16,0.79,0.19,0.08,0.75
"993",0.85,0.13,0.77,0.04,0.47,0.33,0.03,0.15
"994",0.74,0.25,0.03,0.39,0.42,0.13,0.35,0.63
"995",0.02,0.45,0.67,0.14,0.14,0.78,0.08,0.3
"996",0.71,0.27,0.37,0.24,0.06,0.76,0.74,0.21
"997",0.2,0.73,0.53,0.4,0.74,0.17,0.33,0.55
"998",0.17,0.25,0.52,0.07,0.52,0.04,0.28,0.38
"999",0.1,0.57,0.65,0.06,0.56,0.37,0.19,0.18
"1000",0.37,0.52,0.49,0.35,0.63,0.21,0.4,0.45
"1001",0.18,0.54,0.27,0.18,0.08,0.82,0.16,0.44
"1002",0.73,0.05,0.1,0.89,0.06,0.38,0.28,0.63
"1003",0.07,0.42,0.46,0.37,0.07,0.88,0.52,0.22
"1004",0.47,0.43,0.24,0.57,0.19,0.03,0.06,0.51
"1005",0.12,0.24,0.14,0.29,0.34,0.33,0.38,0.36
"1006",0.55,0.22,0.07,0.13,0.23,0.25,0.02,0.51
"1007",0.04,0.84,0.31,0.31,0.15,0.48,0.4,0.07
"1008",0.24,0.74,0.35,0.19,0.3,0.25,0.26,0.26
"1009",0.17,0.5,0.2,0.33,0.12,0.03,0.5,0.01
"1010",0.14,0.64,0.59,0.18,0.32,0.54,0.29,0.06
"1011",0.92,0.05,0.92,0,0.19,0.05,0.02,0.23
"1012",0.69,0.29,0.18,0.23,0.13,0.66,0.58,0.08
"1013",0.43,0.02,0.48,0.41,0.09,0.28,0.3,0.43
"1014",0.62,0.31,0.49,0.03,0.24,0.51,0.04,0.19
"1015",0.51,0.27,0.13,0.16,0.1,0.72,0.74,0.07
"1016",0.39,0.29,0.71,0.16,0.7,0.07,0,0.17
"1017",0.05,0.28,0.01,0.9,0.63,0.19,0.84,0.04
"1018",0.11,0.44,0.22,0.33,0.42,0.43,0.27,0.32
"1019",0.17,0.71,0.07,0.7,0.61,0.25,0.73,0.17
"1020",0.28,0.31,0.46,0.14,0.32,0.38,0.09,0.25
"1021",0.41,0.27,0.25,0.68,0.02,0.43,0.41,0.29
"1022",0.63,0.15,0.32,0.63,0.31,0.46,0.19,0.67
"1023",0.15,0.01,0.07,0.37,0.12,0.58,0.37,0.49
"1024",0.43,0.18,0.3,0.4,0.12,0.73,0.31,0.43
"1025",0.01,0.36,0.39,0.32,0.14,0.5,0.01,0.21
"1026",0.39,0.23,0.46,0.01,0.11,0.2,0.25,0.33
"1027",0.24,0.47,0.1,0.17,0.83,0.01,0,0.73
"1028",0.66,0.25,0.44,0.01,0.43,0.55,0.73,0.06
"1029",0.52,0.07,0.63,0.23,0.12,0.34,0.3,0.33
"1030",0.27,0.59,0.06,0.69,0.29,0.53,0.15,0.25
"1031",0.01,0.35,0.09,0.49,0.37,0.37,0.54,0.1
"1032",0.21,0.44,0.33,0.01,0.04,0.61,0.14,0.8
"1033",0.3,0.01,0.02,0.74,0.19,0.33,0.15,0.43
"1034",0.27,0.59,0.11,0.58,0.13,0.85,0.14,0.53
"1035",0.44,0.27,0.09,0.64,0.42,0.08,0.11,0.06
"1036",0.43,0.07,0.54,0.17,0.28,0.32,0.27,0.51
"1037",0.03,0.71,0.08,0.48,0.13,0.37,0.24,0.67
"1038",0.33,0.6,0.14,0.81,0.24,0.56,0.17,0.36
"1039",0.42,0.42,0.16,0.62,0.5,0.15,0.2,0.59
"1040",0.16,0.78,0.27,0.31,0.35,0.62,0.01,0.47
"1041",0.12,0.6,0.27,0.42,0.57,0.16,0.04,0.41
"1042",0.13,0.35,0.4,0.26,0.54,0.44,0.17,0.63
"1043",0.31,0.04,0.09,0.27,0.28,0.64,0.12,0.37
"1044",0.25,0.28,0.41,0.47,0.16,0,0.45,0.2
"1045",0.03,0.57,0.23,0.48,0.95,0.02,0.69,0.29
"1046",0.11,0.54,0.49,0.2,0.14,0.61,0.75,0.18
"1047",0.88,0.09,0.58,0.36,0.03,0.84,0.02,0.07
"1048",0.31,0.57,0.22,0.46,0.01,0.32,0.34,0.42
"1049",0.23,0.64,0.58,0.24,0.35,0.48,0.2,0.63
"1050",0.52,0.36,0.2,0.13,0.61,0.26,0.02,0.56
"1051",0.11,0.47,0.31,0.52,0.14,0.76,0.87,0.11
"1052",0.33,0.59,0.41,0.07,0.22,0.08,0.4,0.19
"1053",0.16,0.78,0.2,0.68,0,0.8,0.5,0.19
"1054",0.47,0.06,0.53,0.24,0.6,0.12,0.25,0.5
"1055",0.55,0.37,0.74,0.23,0.29,0.53,0.35,0.48
"1056",0.52,0.34,0.21,0.02,0.16,0.71,0.12,0.21
"1057",0.14,0.46,0.16,0.39,0.74,0.24,0.77,0
"1058",0.6,0.3,0.39,0.59,0.68,0.16,0.02,0.69
"1059",0.03,0.13,0.4,0.12,0.42,0.27,0.25,0.65
"1060",0.02,0.41,0.18,0.63,0.14,0.32,0.18,0.48
"1061",0.81,0.03,0.01,0.95,0.63,0.19,0.1,0.25
"1062",0.58,0.37,0.23,0.43,0.02,0.22,0.01,0.85
"1063",0.18,0.79,0.33,0.64,0.29,0.1,0.55,0.03
"1064",0.37,0.51,0.08,0.24,0.44,0.16,0.71,0.09
"1065",0.19,0.38,0.82,0.04,0.71,0.12,0.14,0.49
"1066",0.25,0.2,0.46,0.11,0.34,0.08,0.42,0.54
"1067",0.16,0.32,0.15,0.36,0.91,0.06,0.18,0.42
"1068",0.07,0.19,0.12,0.2,0.38,0.01,0.53,0.06
"1069",0.57,0.38,0.4,0.1,0.71,0.22,0.03,0.49
"1070",0.08,0.43,0.31,0.3,0.16,0.83,0.06,0.4
"1071",0.07,0.88,0.05,0.63,0.57,0.12,0.64,0.05
"1072",0.06,0.39,0.55,0.31,0.04,0.46,0.2,0.77
"1073",0.14,0.74,0.09,0.11,0.6,0.38,0.66,0.19
"1074",0.75,0.02,0.43,0.28,0.31,0.38,0.01,0.4
"1075",0.63,0.11,0.25,0.16,0.51,0.29,0.08,0.81
"1076",0.07,0.34,0.08,0.6,0.68,0.08,0.07,0.36
"1077",0.67,0.17,0.21,0.08,0.36,0.34,0.07,0.84
"1078",0.7,0.12,0.76,0.12,0.13,0.25,0.63,0.11
"1079",0.21,0.49,0.48,0.01,0.14,0.46,0.04,0.31
"1080",0.58,0.13,0.4,0.47,0.02,0.92,0.33,0.06
"1081",0.44,0.17,0.71,0.15,0.48,0.21,0.64,0.32
"1082",0.01,0.56,0.36,0.2,0.58,0.16,0.71,0.25
"1083",0.09,0.9,0.32,0.12,0.53,0.37,0.58,0.24
"1084",0.27,0.35,0.06,0.03,0.32,0.4,0.49,0.39
"1085",0.06,0.77,0.44,0.05,0.06,0.78,0.53,0.12
"1086",0.27,0.18,0.66,0.16,0.29,0.63,0.33,0.47
"1087",0.15,0.42,0.1,0.41,0.03,0.39,0.61,0.05
"1088",0.14,0.81,0,0.46,0.09,0.4,0.34,0.58
"1089",0.65,0.01,0.66,0.26,0.04,0.19,0.1,0.29
"1090",0.31,0.3,0.22,0.17,0.29,0.49,0.35,0.11
"1091",0.65,0.15,0.2,0.41,0.63,0,0.71,0.01
"1092",0.29,0.14,0.31,0.28,0.2,0.54,0.13,0.49
"1093",0.71,0.2,0.3,0.34,0.02,0.23,0.04,0.06
"1094",0.64,0.26,0.71,0.03,0.12,0.49,0.08,0.28
"1095",0.13,0.54,0.09,0.15,0.02,0.74,0.37,0.57
"1096",0.29,0.17,0.13,0.61,0.45,0.14,0.01,0.58
"1097",0.66,0.31,0.23,0.29,0.14,0.42,0.57,0.41
"1098",0.81,0.07,0.21,0.67,0.2,0.79,0.48,0.26
"1099",0.06,0.79,0.33,0.36,0.32,0.1,0.26,0.67
"1100",0.54,0.42,0.31,0.44,0.1,0.41,0.24,0.03
"1101",0.06,0.64,0.12,0.48,0.53,0.42,0.32,0.49
"1102",0.08,0.64,0.15,0.77,0.28,0.28,0.36,0.4
"1103",0.01,0.37,0.2,0.63,0.31,0.21,0.47,0.49
"1104",0.51,0.1,0.07,0.01,0.15,0.01,0.04,0.87
"1105",0.02,0.86,0,0.7,0.1,0.89,0.58,0.14
"1106",0.09,0.64,0.16,0.71,0.75,0.04,0.03,0.72
"1107",0.48,0.11,0.74,0.12,0.7,0.29,0.44,0.53
"1108",0.84,0.05,0.5,0.27,0.14,0.68,0.68,0.16
"1109",0.33,0.17,0.41,0.36,0.64,0.05,0.7,0.22
"1110",0.09,0.65,0.05,0.91,0.44,0.14,0.05,0.56
"1111",0.19,0.64,0.01,0.42,0.84,0.14,0.71,0.07
"1112",0.02,0.16,0.77,0.16,0.46,0.48,0.08,0.33
"1113",0.6,0.15,0.6,0.22,0.14,0.68,0.64,0.34
"1114",0.04,0.92,0.05,0.57,0.73,0.17,0.29,0.22
"1115",0.13,0.49,0.04,0.71,0.05,0.34,0.41,0.38
"1116",0.47,0.51,0.08,0.77,0.15,0.07,0.17,0.47
"1117",0.39,0.12,0.5,0.02,0.08,0.02,0.12,0.38
"1118",0.03,0.63,0.25,0.5,0.56,0.16,0.6,0.09
"1119",0.02,0.1,0.39,0.58,0.42,0.39,0.09,0.4
"1120",0.37,0.32,0.05,0.53,0.16,0.23,0.43,0.52
"1121",0.17,0.24,0.33,0.29,0.32,0.51,0.46,0.38
"1122",0.11,0.09,0.02,0.09,0.35,0.39,0.27,0.38
"1123",0.16,0.23,0.3,0.51,0.01,0.92,0.14,0.33
"1124",0.76,0.22,0.75,0.19,0.06,0.5,0.06,0.37
"1125",0.1,0.36,0.3,0.64,0.88,0.09,0.79,0.16
"1126",0.09,0.05,0.29,0.48,0.19,0.53,0.34,0.35
"1127",0.74,0.01,0.42,0.49,0.68,0.2,0,0.02
"1128",0.23,0,0.08,0.23,0.32,0.27,0.55,0.3
"1129",0.22,0.67,0.07,0.06,0.38,0.61,0.19,0.24
"1130",0.4,0.15,0.05,0.67,0.19,0.65,0.62,0.03
"1131",0.18,0.1,0.13,0.15,0.06,0.35,0.08,0.18
"1132",0.06,0.78,0.3,0.56,0.5,0.39,0.67,0.03
"1133",0.32,0.12,0.13,0.79,0.21,0.17,0.59,0.15
"1134",0.36,0.12,0.6,0.1,0.17,0.82,0.24,0.37
"1135",0.78,0.01,0.33,0.59,0.36,0.43,0.35,0.63
"1136",0.21,0.7,0.59,0.24,0.49,0.39,0.11,0.07
"1137",0.51,0.32,0,0.17,0.27,0.5,0.11,0.14
"1138",0.31,0.35,0.4,0.1,0.29,0.24,0.41,0.21
"1139",0.37,0.11,0.01,0.35,0.38,0.42,0.83,0.06
"1140",0.58,0,0.45,0.44,0.47,0.16,0.34,0.45
"1141",0.63,0.04,0.19,0.31,0.46,0.22,0.47,0.31
"1142",0.38,0.1,0.81,0.1,0.12,0.57,0.35,0.16
"1143",0.68,0.13,0.56,0.14,0.06,0.03,0.27,0.1
"1144",0.14,0.83,0.7,0.06,0.46,0.44,0.02,0.09
"1145",0.09,0.58,0.29,0.62,0.27,0.44,0.65,0.28
"1146",0.29,0.4,0.86,0.02,0.11,0.4,0.31,0.26
"1147",0.4,0.2,0.49,0.38,0.2,0.15,0.31,0.45
"1148",0.36,0.32,0.1,0.4,0.17,0.37,0.22,0.36
"1149",0.35,0.2,0.4,0.31,0.83,0.07,0.21,0.12
"1150",0.06,0.6,0.26,0.59,0.53,0.41,0.15,0.73
"1151",0.38,0.02,0.53,0.31,0.02,0.34,0.34,0.34
"1152",0.35,0.37,0.67,0.13,0.19,0.48,0.52,0.02
"1153",0.21,0.73,0.27,0.15,0.03,0.72,0.8,0.18
"1154",0.22,0.6,0.15,0.32,0.85,0.01,0.48,0.28
"1155",0.35,0.23,0.1,0.77,0.81,0.05,0.89,0.02
"1156",0.2,0.48,0.26,0.55,0.15,0.26,0.77,0.14
"1157",0.32,0.41,0.51,0,0.04,0.49,0.45,0.47
"1158",0.54,0.02,0.73,0.2,0.41,0.12,0.29,0.17
"1159",0.07,0.05,0.52,0.37,0.82,0.13,0.63,0.33
"1160",0.39,0.47,0.2,0.09,0.5,0.49,0.21,0.31
"1161",0.9,0.01,0.04,0.45,0.44,0.3,0.4,0.52
"1162",0.11,0.62,0.33,0.3,0.41,0.39,0.34,0.17
"1163",0.23,0.61,0.44,0.01,0.37,0.35,0.67,0.29
"1164",0.12,0.66,0.24,0.03,0.16,0.15,0.15,0.82
"1165",0.43,0.25,0.28,0.08,0.26,0.27,0.21,0.55
"1166",0.44,0.41,0.1,0.43,0.67,0.29,0.15,0.33
"1167",0.34,0.34,0.32,0.01,0.59,0.11,0.52,0.34
"1168",0.06,0.41,0.29,0.64,0.07,0.38,0.47,0.19
"1169",0.14,0.45,0.28,0.49,0.34,0.48,0.18,0.81
"1170",0.08,0.17,0.14,0.19,0.22,0.65,0.63,0.36
"1171",0.65,0.25,0.03,0.84,0.69,0.05,0.17,0.35
"1172",0.32,0.13,0.22,0.77,0.9,0.03,0.62,0.23
"1173",0.26,0.13,0.01,0.01,0.63,0.3,0.42,0.26
"1174",0.26,0.7,0.43,0.04,0.25,0.03,0.15,0.8
"1175",0.12,0.16,0.22,0.53,0.41,0.35,0.11,0.21
"1176",0.85,0.08,0.03,0.93,0.12,0.79,0.35,0.34
"1177",0.11,0.15,0.66,0.12,0.01,0.03,0.51,0.18
"1178",0.47,0.35,0.01,0.4,0.01,0.65,0.01,0.8
"1179",0.78,0.19,0,0.69,0.53,0.35,0.05,0.53
"1180",0,0.2,0.98,0.01,0.24,0.38,0.47,0.48
"1181",0.51,0.16,0.33,0.05,0.26,0.34,0.78,0.02
"1182",0.15,0.67,0.45,0.22,0.02,0.12,0.17,0.16
"1183",0.17,0.54,0.06,0.38,0.51,0.01,0.25,0.38
"1184",0.16,0.5,0.07,0.37,0.02,0.27,0.44,0.09
"1185",0.11,0.46,0.85,0.08,0.35,0.06,0.87,0
"1186",0.05,0.89,0.36,0.35,0.15,0.48,0.79,0.17
"1187",0.8,0.17,0.39,0.31,0.05,0.67,0.81,0.01
"1188",0.04,0.4,0.1,0.51,0.27,0.25,0.02,0.32
"1189",0.54,0.07,0.54,0.43,0.17,0.74,0.25,0.68
"1190",0.61,0.04,0.29,0.18,0.29,0.37,0.41,0.13
"1191",0.17,0.57,0.44,0.12,0.91,0.04,0.32,0.36
"1192",0.37,0.21,0.21,0.53,0.01,0.09,0.22,0.12
"1193",0.15,0.71,0.18,0.09,0.31,0.33,0.56,0.13
"1194",0.14,0.17,0.21,0.55,0.05,0.02,0.12,0.24
"1195",0.72,0.24,0.55,0.26,0.3,0.2,0.58,0.28
"1196",0.16,0.1,0.11,0.5,0.36,0.61,0.08,0.6
"1197",0.21,0.5,0.61,0.22,0.33,0.52,0.29,0.53
"1198",0.68,0.06,0.04,0.89,0.73,0.23,0.19,0.78
"1199",0.3,0.09,0.03,0.29,0.09,0.27,0.13,0.2
"1200",0.06,0.24,0.54,0.03,0.56,0.32,0.69,0.26
"1201",0.05,0.31,0.08,0.51,0.41,0.55,0.54,0.37
"1202",0.5,0.09,0.26,0.38,0.17,0.71,0.28,0.03
"1203",0.6,0.1,0.01,0.9,0.12,0.61,0.26,0.49
"1204",0.23,0.33,0.02,0.7,0.07,0.9,0.36,0.41
"1205",0.6,0.04,0.07,0.37,0.35,0.06,0.19,0.5
"1206",0.08,0.54,0.01,0.62,0.62,0.04,0.53,0.11
"1207",0.08,0.73,0.11,0.49,0.28,0.6,0.12,0.5
"1208",0.54,0.45,0.37,0.15,0.61,0.35,0.27,0.45
"1209",0.44,0.05,0.16,0.77,0.19,0.23,0.57,0.41
"1210",0.01,0.45,0.25,0.05,0.16,0.75,0.47,0.4
"1211",0.33,0.12,0.69,0.2,0.66,0.05,0.22,0.41
"1212",0.35,0.55,0.11,0.77,0.63,0.26,0.54,0.39
"1213",0.59,0.38,0.2,0.42,0.73,0.14,0.03,0.91
"1214",0.05,0.38,0.47,0.29,0.02,0.87,0.66,0.17
"1215",0.34,0.39,0.1,0.34,0.47,0.27,0.13,0.53
"1216",0.18,0.54,0.53,0.27,0.39,0.06,0.63,0.1
"1217",0.22,0.53,0.44,0.12,0.62,0.07,0.09,0.11
"1218",0.17,0.23,0.83,0.15,0.32,0.45,0.11,0.02
"1219",0.6,0.39,0.24,0.17,0.59,0.19,0,0.05
"1220",0.16,0.74,0.55,0.34,0.56,0.08,0.08,0.31
"1221",0.02,0.95,0.19,0.16,0.01,0.59,0.14,0.36
"1222",0.29,0.58,0.41,0.35,0.71,0.13,0.3,0.52
"1223",0.38,0.1,0.64,0.08,0.69,0.07,0.04,0.67
"1224",0.15,0.03,0.16,0.26,0.51,0.48,0.3,0.06
"1225",0.34,0.14,0.08,0.38,0.29,0.15,0.76,0.08
